,phone_status,xyz,loc,ringer_mode,image,personalized,tone_text,app_logs,action,clicked_time,n_id,received_time
0,0,0,2,0,0,1,0,531.7039960408052,1.0,12:32:00,1,12:19:24
1,1,1,1,1,0,0,0,39.14883557856289,1.0,18:44:00,1,18:04:42
3,1,2,0,0,1,0,2,559.2494824348651,1.0,23:00:00,3,20:16:28
5,1,2,2,0,0,0,1,1613.7127801806473,1.0,19:57:00,3,19:56:32
6,1,1,0,2,1,0,1,1474.8840342637186,1.0,21:57:00,3,19:00:00
11,1,0,1,1,1,1,1,79.54440953581519,1.0,22:24:00,3,19:54:18
14,0,0,2,0,1,1,2,2232.353937139712,1.0,19:49:00,4,19:49:01
18,1,0,0,1,1,1,0,198.4142582870787,1.0,16:27:00,5,14:56:01
31,1,0,0,0,0,0,0,415.85561092312327,1.0,20:30:00,8,19:21:07
34,0,2,1,0,0,1,0,1363.4267511999235,1.0,18:20:00,8,18:00:14
39,1,1,0,1,0,1,0,209.2608175073385,1.0,20:57:00,8,18:53:10
44,1,0,1,1,1,0,1,953.9180733953,1.0,19:41:00,8,19:29:23
47,1,0,1,1,0,0,2,2143.0358343539638,1.0,00:52:00,8,00:52:07
48,1,1,2,2,0,1,2,737.8645831659185,1.0,18:58:00,8,18:48:17
57,0,0,0,2,0,1,1,384.3514404023275,1.0,17:57:00,8,17:28:02
58,0,2,0,0,0,0,1,135.3740340940668,1.0,07:57:00,9,20:38:46
59,1,1,1,1,1,1,0,323.4362206041373,1.0,19:20:00,10,19:14:05
60,1,0,1,1,0,1,1,738.5028955482562,1.0,19:42:00,10,19:31:07
61,0,0,0,2,1,0,0,1217.3646197132816,1.0,19:03:00,10,18:33:23
62,0,0,1,2,1,0,2,1098.7112925733418,1.0,18:51:00,10,18:49:04
63,0,1,2,2,1,0,0,1837.2873397382773,1.0,22:03:00,10,20:51:06
64,1,2,1,1,1,0,2,1197.538070627364,1.0,23:28:00,10,19:25:18
65,0,1,1,0,1,1,2,184.45237970722386,1.0,19:51:00,10,19:46:00
67,0,0,0,1,1,0,0,1260.1167229662774,1.0,23:26:00,10,19:01:53
70,0,1,2,0,1,0,1,2078.17709902886,1.0,20:33:00,10,19:59:30
71,0,0,2,0,1,0,2,149.58067705988017,1.0,20:39:00,10,20:04:43
72,0,1,0,2,1,1,1,212.42881853884973,1.0,00:02:00,10,20:27:57
73,1,1,0,0,0,0,1,692.1270438491946,1.0,20:24:00,10,20:21:04
74,1,0,0,1,0,0,0,233.4756746093333,1.0,18:18:00,10,18:06:06
76,0,2,0,2,0,0,0,621.779891481197,1.0,22:42:00,10,20:56:44
82,1,0,0,1,0,0,1,78.2948514741362,1.0,18:48:00,10,18:05:06
83,1,0,0,2,1,0,0,2519.291998538361,1.0,18:28:00,10,18:21:33
85,0,1,2,1,0,0,2,456.5154283905361,1.0,21:53:00,10,20:21:41
86,1,2,1,1,1,0,1,1380.7719234032818,1.0,21:10:00,10,20:57:29
87,1,2,2,0,0,0,2,521.056100771194,1.0,21:39:00,10,20:16:33
90,0,2,0,0,1,1,2,135.54818549703216,1.0,21:05:00,10,20:55:19
100,0,0,0,0,1,0,2,260.36392146296004,1.0,18:26:00,10,18:26:06
102,1,2,1,0,0,1,0,782.8863048670735,1.0,20:37:00,10,20:28:39
103,1,2,1,1,1,1,1,730.3134005396477,1.0,20:31:00,10,19:48:53
104,1,0,0,0,1,1,1,385.21791988747503,1.0,21:22:00,10,19:50:01
115,0,2,2,1,0,1,2,430.1496390599662,1.0,23:09:00,11,18:39:00
117,0,0,1,2,1,1,2,878.6272705319774,1.0,20:40:00,11,20:40:07
142,1,0,0,2,0,0,0,682.4183709617254,1.0,22:41:00,11,19:25:34
173,1,1,1,1,1,1,1,956.7757380026084,1.0,21:01:00,11,19:11:08
219,1,1,2,0,0,1,1,2066.61796639854,1.0,19:41:00,11,19:33:19
248,1,0,0,2,0,0,1,703.7581432476143,1.0,21:42:00,12,19:50:48
249,0,0,2,1,0,1,2,28.603108141818403,1.0,22:13:00,12,18:28:01
250,1,0,2,2,1,0,1,1839.8548366288599,1.0,22:27:00,12,20:35:05
253,1,1,2,1,0,0,1,661.8796772435046,1.0,09:02:00,12,18:02:01
282,1,0,0,2,1,1,0,408.4157742553518,1.0,21:05:00,14,20:15:00
283,1,2,1,2,0,1,1,367.5181416021576,1.0,20:32:00,14,20:31:40
284,0,1,0,0,0,1,0,1885.2399698772158,1.0,19:56:00,14,19:31:00
285,0,1,2,2,0,0,2,455.6846664433984,1.0,19:41:00,14,19:36:01
286,0,2,2,1,1,1,0,1214.8901291136915,1.0,00:09:00,14,18:14:01
287,0,2,1,1,1,1,2,242.7121517012648,1.0,21:17:00,14,19:45:01
288,0,1,0,2,0,0,1,2700.632955121557,1.0,22:28:00,14,20:51:02
289,1,1,2,1,0,1,0,592.1167277161044,1.0,20:46:00,14,20:24:02
290,0,2,1,2,0,1,1,525.3133844179582,1.0,20:26:00,14,20:25:01
292,1,2,1,2,1,1,2,840.7117603884856,1.0,23:31:00,14,18:30:01
293,1,0,1,1,0,0,2,49.98468514696085,1.0,19:30:00,14,18:06:01
297,0,0,2,2,1,1,1,300.36516877751774,1.0,08:51:00,14,20:58:01
301,0,0,2,2,1,1,0,1350.1109032338734,1.0,11:24:00,14,19:20:01
303,1,0,1,1,1,1,1,543.8852346016297,1.0,23:44:00,14,19:31:54
304,1,2,0,0,0,1,2,1677.730112630887,1.0,20:56:00,14,20:56:01
310,0,0,2,1,0,0,1,679.8697843478408,1.0,21:36:00,14,20:33:01
311,0,1,0,0,0,0,2,792.0231033100497,1.0,18:43:00,14,18:11:01
313,0,1,1,2,0,1,0,1117.4923102083706,1.0,19:44:00,14,19:44:01
316,1,1,2,0,1,0,1,894.5784630950882,1.0,20:09:00,14,19:38:01
317,0,1,0,1,1,0,1,89.17024362217329,1.0,19:27:00,14,18:45:01
318,0,2,1,0,0,0,2,594.6865357219506,1.0,19:43:00,14,19:37:00
320,0,2,1,2,1,1,1,1195.1446591160645,1.0,11:03:00,14,20:32:00
321,0,2,1,2,0,0,2,4.357394284132766,1.0,21:23:00,14,19:33:00
322,1,2,2,1,1,0,0,19.30540952979964,1.0,15:25:00,14,19:41:01
323,1,2,1,0,0,1,2,1657.0011481267154,1.0,09:56:00,14,18:18:01
325,0,2,0,0,0,1,2,1468.84686524917,1.0,18:45:00,14,18:45:00
326,1,1,1,2,1,1,1,613.9131122771843,1.0,09:25:00,14,20:56:01
337,0,1,1,2,1,0,1,1567.2670913789566,1.0,13:02:00,17,12:41:06
343,1,2,0,0,1,1,0,237.2089791089843,1.0,20:10:00,17,20:02:29
349,1,0,1,2,0,1,0,163.8604018679189,1.0,18:12:00,17,18:11:08
388,0,2,1,1,0,1,1,71.5618685058663,1.0,17:32:00,17,17:32:11
469,1,2,1,1,0,0,0,1038.352870721119,1.0,21:55:00,19,19:08:50
470,0,0,1,2,1,1,0,206.8802762687533,1.0,20:34:00,19,19:37:27
471,0,1,0,1,0,1,2,412.3860129113908,1.0,20:15:00,19,19:08:26
472,0,1,1,0,1,0,0,2289.026996827337,1.0,18:51:00,19,18:44:27
475,0,1,1,1,1,1,1,386.93171566719116,1.0,22:20:00,19,20:39:39
486,0,1,0,2,0,1,0,907.5680701208452,1.0,17:35:00,20,17:34:13
490,1,1,0,1,0,1,2,1024.3608260103997,1.0,17:12:00,20,15:59:59
491,0,0,0,0,0,0,2,564.7990179196153,1.0,19:21:00,20,18:53:44
492,0,1,1,1,0,1,0,630.4482827143379,1.0,10:49:00,20,10:01:35
493,0,2,2,1,0,0,2,18.11020367500701,1.0,20:24:00,20,17:01:39
495,1,2,1,1,0,1,0,844.5590449745058,1.0,15:54:00,20,10:00:19
497,1,0,0,2,0,0,2,934.2475366277099,1.0,15:04:00,20,14:26:44
498,0,2,0,1,1,0,1,606.2107506392954,1.0,15:10:00,20,15:09:47
499,0,1,1,2,0,0,1,454.1899048064125,1.0,17:24:00,20,17:08:27
508,0,2,1,0,0,0,1,525.2062757675602,1.0,19:45:00,20,19:42:22
512,1,2,1,2,1,1,2,4.318117082938638,1.0,19:25:00,20,16:51:15
518,0,1,1,0,0,0,1,305.0182905228889,1.0,10:20:00,20,10:17:35
520,0,0,0,2,1,1,2,234.0125869710773,1.0,22:38:00,20,20:17:16
521,0,0,2,2,1,0,0,400.9393073994565,1.0,12:36:00,20,12:06:46
522,0,1,2,2,0,0,1,68.31147876409048,1.0,18:05:00,20,18:03:38
524,1,1,1,1,0,1,1,1091.2845989925918,1.0,17:20:00,20,16:07:32
531,1,1,2,0,1,0,1,780.7458303139923,1.0,19:03:00,20,17:14:50
542,0,1,0,1,0,0,1,27.9498541650484,1.0,23:04:00,20,21:57:48
562,1,2,1,1,0,0,0,1248.3767594772846,1.0,08:04:00,20,08:04:36
565,1,0,0,2,1,0,1,509.36410436517264,1.0,06:12:00,20,04:42:01
580,1,2,0,2,1,1,2,976.3564881080408,1.0,09:51:00,21,09:29:43
582,1,1,0,1,0,1,1,78.31438528118589,1.0,16:52:00,21,14:25:02
593,0,1,2,1,1,0,1,346.2390050387871,1.0,10:01:00,21,21:33:40
672,1,1,0,2,1,0,1,99.70365976455794,1.0,10:29:00,24,10:03:01
673,1,1,2,1,1,0,0,411.2642942081189,1.0,01:16:00,24,19:46:34
674,1,0,1,0,1,1,1,988.7116798958972,1.0,23:28:00,24,22:13:39
678,1,0,1,2,1,0,0,267.51593170081776,1.0,17:25:00,24,15:13:57
684,1,1,0,0,0,1,1,69.35158973016995,1.0,23:14:00,24,19:29:40
695,0,2,1,0,0,1,1,1486.1809284472326,1.0,17:57:00,24,17:40:50
703,1,2,2,0,0,0,1,262.7021369134078,1.0,09:28:00,26,20:53:52
704,1,1,2,2,0,1,0,11.311413242621839,1.0,21:29:00,26,18:12:00
706,0,1,2,1,0,0,2,130.14478972650298,1.0,19:59:00,26,19:13:25
707,0,0,0,0,1,1,0,377.75386168834564,1.0,19:38:00,26,19:37:33
719,0,0,0,2,1,0,1,1027.636115584854,1.0,08:52:00,26,19:36:35
748,1,1,0,0,1,0,0,682.8860913420698,1.0,12:04:00,26,20:58:01
768,1,1,2,1,0,1,0,2494.0823173946064,1.0,10:25:00,26,19:31:01
790,0,2,1,0,1,0,1,207.7905578400141,1.0,20:31:00,26,18:00:00
823,1,2,2,1,1,0,2,132.36200914562838,1.0,19:59:00,29,19:36:26
826,1,2,1,0,1,0,0,63.43519803341881,1.0,18:08:00,29,18:08:01
827,1,2,0,0,0,0,0,1814.395891617966,1.0,23:16:00,29,18:43:38
835,1,2,0,0,0,0,1,527.5721440043734,1.0,21:45:00,29,18:08:00
838,1,0,0,1,1,0,0,81.8705872777774,1.0,15:03:00,29,20:56:01
939,1,2,1,0,1,0,2,1.2388378124858703,1.0,23:13:00,31,20:12:15
940,1,2,0,0,0,1,2,276.6418811551667,1.0,17:38:00,31,17:38:03
945,0,0,1,0,1,1,1,1155.002290612992,1.0,22:26:00,31,20:58:23
950,1,1,0,0,0,1,1,164.20536421721658,1.0,10:37:00,31,19:21:50
962,0,0,0,1,1,1,0,1701.5327659121908,1.0,09:17:00,31,18:49:01
967,0,0,0,0,1,1,1,944.1076676607904,1.0,18:18:00,31,18:13:42
969,1,0,1,2,1,1,2,833.1178092021487,1.0,19:51:00,32,18:37:15
970,0,0,2,2,0,0,1,433.01752859858453,1.0,20:56:00,32,20:56:40
972,0,2,2,1,0,0,1,1142.645963120984,1.0,18:28:00,32,18:23:03
973,0,2,2,0,0,0,1,648.5166490571003,1.0,22:18:00,32,19:44:01
976,0,0,1,2,1,0,1,56.31320105378929,1.0,20:42:00,32,20:41:48
980,1,2,1,1,0,0,1,642.4571427709218,1.0,20:43:00,32,20:26:38
982,0,1,0,2,1,0,1,137.42850842880952,1.0,19:38:00,32,18:56:01
987,1,2,2,0,0,1,2,1404.4542980445942,1.0,20:51:00,32,20:51:16
991,1,0,0,0,0,1,1,874.5291556351112,1.0,21:29:00,32,18:20:46
1015,1,1,0,0,0,0,0,176.0394714622838,1.0,19:54:00,34,22:32:16
1030,1,1,2,2,0,1,1,1580.0710378572126,1.0,20:20:00,36,20:20:06
1045,0,0,2,2,0,1,1,782.4883871580665,1.0,19:54:00,36,19:43:53
1088,1,0,0,2,0,1,1,422.048643900101,1.0,20:13:00,36,20:12:16
1141,1,2,0,1,0,1,1,38.99595248157171,1.0,15:08:00,39,14:09:47
1142,0,0,1,1,1,0,2,844.869349037691,1.0,19:39:00,39,18:21:50
1143,0,2,2,1,0,0,2,195.9371778014317,1.0,13:06:00,39,20:47:37
1144,1,0,0,1,0,0,2,1699.7473064746964,1.0,12:53:00,39,12:52:51
1169,0,0,1,1,0,0,2,618.2315660292018,1.0,19:47:00,40,18:00:21
1273,0,1,0,1,0,0,2,283.2897405979868,1.0,20:16:00,45,18:34:59
1274,1,1,1,0,1,0,2,391.0004469496072,1.0,19:47:00,45,19:12:26
1275,1,1,2,0,1,0,2,879.1664965606778,1.0,19:26:00,45,19:26:00
1277,1,0,0,2,0,0,1,54.13672274230358,1.0,23:52:00,45,18:21:01
1279,1,1,0,0,1,0,0,912.5458055984822,1.0,00:53:00,45,20:10:00
1280,1,1,1,2,0,0,1,1717.8149377218222,1.0,08:17:00,45,18:23:28
1281,0,1,1,1,0,1,2,830.3867897142288,1.0,01:24:00,45,18:41:57
1284,1,0,0,1,1,1,0,2126.7018109970013,1.0,00:14:00,45,20:43:20
1287,1,1,1,0,1,0,1,1034.40696721312,1.0,18:31:00,45,18:37:46
1292,1,0,2,2,0,1,1,253.69394420036903,1.0,00:51:00,45,20:59:00
1297,1,0,0,0,0,1,1,661.8891600201707,1.0,07:39:00,45,19:08:20
1333,0,1,2,1,0,0,2,764.8138070127951,1.0,08:44:00,45,19:08:07
1415,1,0,1,1,1,1,2,478.209115721608,1.0,19:00:00,47,18:24:50
1416,1,1,1,1,0,0,0,253.22485719119132,1.0,13:06:00,47,12:16:35
1417,0,2,2,1,1,1,2,37.454657086372414,1.0,20:06:00,47,15:58:31
1418,0,0,1,2,1,1,1,801.3190815776652,1.0,16:39:00,47,16:31:42
1419,1,1,0,2,0,1,2,634.441832126437,1.0,11:14:00,47,11:13:22
1420,0,1,1,0,1,1,1,1094.4064523305883,1.0,16:40:00,47,16:33:31
1421,0,1,0,1,0,1,0,278.0387563616187,1.0,00:27:00,47,22:56:40
1422,1,0,0,2,1,1,0,1057.180425507128,1.0,10:40:00,47,09:49:53
1423,1,1,1,2,1,0,0,1319.376447356411,1.0,15:35:00,47,13:56:37
1425,1,0,1,1,1,1,2,1792.0911904933234,1.0,21:48:00,47,18:02:30
1426,1,0,1,1,1,0,2,1038.3824752977746,1.0,11:31:00,47,11:07:37
1427,0,2,1,0,0,1,2,974.7249631699697,1.0,17:59:00,47,17:07:51
1446,0,2,0,1,1,1,1,145.65579744047574,1.0,14:21:00,47,14:19:35
1448,0,2,0,0,1,0,2,1829.3875470347555,1.0,16:19:00,47,15:36:19
1450,1,0,1,1,0,1,1,916.8570970636085,1.0,11:09:00,47,11:09:32
1451,1,0,0,1,0,1,0,1148.585890925519,1.0,16:06:00,47,15:54:58
1500,0,0,1,0,0,0,2,646.9230323530702,1.0,17:17:00,48,17:17:46
1501,0,1,2,2,1,1,2,1016.3053316727679,1.0,12:11:00,48,11:57:17
1507,1,2,0,0,1,0,1,333.7011287163181,1.0,19:23:00,49,19:23:51
1529,1,2,0,2,0,1,0,1538.937972907041,1.0,19:28:00,50,19:26:49
1538,1,2,2,2,1,1,1,560.4506509794994,1.0,22:24:00,52,22:24:13
1545,0,1,2,0,0,1,0,1119.3357242184563,1.0,17:09:00,52,16:40:22
1560,1,0,0,2,0,1,0,379.0610639739562,1.0,17:40:00,53,15:20:14
1573,1,1,0,2,1,0,1,716.4565227460641,1.0,13:36:00,test2,20:57:57
1578,1,2,2,2,0,1,2,446.8880620402741,1.0,14:33:00,test2,13:24:08
1581,1,2,0,2,0,0,0,337.57713971742766,1.0,17:42:00,test2,17:38:53
1583,0,0,2,0,1,0,0,1344.8856218229275,1.0,19:03:00,test2,18:30:02
1587,1,1,0,1,0,0,0,1112.6305057499117,1.0,12:56:00,test2,19:24:54
1613,0,0,2,0,1,0,1,1463.4762220248565,1.0,23:57:00,test2,21:58:59
1655,0,2,0,2,0,1,2,1161.0952764143588,1.0,22:08:00,57,17:04:48
1657,0,2,1,0,1,0,0,1426.336326319989,1.0,18:39:00,57,18:17:19
1658,1,1,0,1,0,0,0,385.65294810688306,1.0,21:20:00,57,20:40:28
1659,1,1,0,2,0,1,0,1016.9424289125636,1.0,20:56:00,57,20:00:04
1660,1,1,2,1,0,0,2,271.1083986636516,1.0,14:13:00,57,20:51:17
1662,0,2,2,0,0,0,2,456.5224822070128,1.0,20:10:00,57,19:50:11
1663,1,2,2,1,1,0,1,154.3352595100134,1.0,11:08:00,57,20:19:04
1666,1,1,1,0,1,1,1,1776.5566557951327,1.0,07:06:00,57,19:33:31
1667,0,0,2,0,0,0,2,45.598670818046294,1.0,19:58:00,57,18:46:01
1668,0,2,0,1,0,0,0,680.2682319004217,1.0,09:00:00,57,18:08:03
1669,1,0,1,0,1,1,0,1188.6126986633396,1.0,18:08:00,57,19:52:17
1670,1,1,2,2,0,1,2,582.2320782356138,1.0,11:32:00,57,20:29:08
1671,0,2,2,0,0,0,2,136.68328709942298,1.0,19:02:00,57,18:01:46
1672,1,2,2,0,1,1,1,1027.1007889518987,1.0,13:00:00,57,20:20:28
1673,1,0,2,1,0,1,0,635.2044491034437,1.0,21:04:00,57,20:44:01
1675,0,2,2,2,0,1,2,949.0343762367172,1.0,23:09:00,57,19:07:01
1676,1,2,2,2,1,1,0,2092.3555742363023,1.0,13:35:00,57,19:59:41
1677,1,2,2,2,0,1,1,852.9810120215518,1.0,19:56:00,57,19:04:46
1679,0,2,2,0,0,1,1,1483.5133943870394,1.0,17:46:00,57,20:11:36
1680,1,0,2,1,1,0,2,481.91103942125847,1.0,20:08:00,57,18:29:41
1681,0,0,0,1,0,1,2,452.0309833729483,1.0,17:57:00,57,19:44:14
1682,1,0,1,0,0,0,0,339.7278393106114,1.0,22:18:00,57,20:08:01
1683,0,2,2,2,1,1,2,409.61525385416985,1.0,18:53:00,57,18:53:04
1684,1,2,0,2,0,1,0,478.8225950547345,1.0,18:41:00,57,18:40:55
1685,0,0,2,1,1,0,2,1458.9817267220346,1.0,11:27:00,57,19:47:12
1686,0,1,2,1,1,1,2,336.1054090200504,1.0,09:01:00,57,20:46:26
1687,0,1,0,1,1,1,2,1290.4220790087186,1.0,09:31:00,57,19:49:20
1689,0,0,1,2,0,1,2,772.5637030653528,1.0,09:33:00,57,20:13:03
1690,1,0,1,0,1,0,2,565.3332369738835,1.0,18:57:00,57,18:48:56
1691,0,1,2,2,0,0,0,46.16216020383646,1.0,15:29:00,57,20:21:02
1692,0,0,2,2,0,0,2,1201.343159279071,1.0,21:40:00,57,20:58:42
1693,0,0,0,2,1,1,2,101.8918041995612,1.0,18:25:00,57,18:19:01
1694,1,0,2,2,0,1,0,996.7920877415339,1.0,20:15:00,57,18:49:01
1695,1,0,1,0,1,1,1,2304.272779744976,1.0,20:02:00,57,18:05:25
1696,1,1,0,0,0,1,0,798.4241758090642,1.0,18:39:00,57,18:23:00
1699,1,1,1,0,0,0,1,917.1150060396006,1.0,06:21:00,57,19:24:26
1700,1,2,0,0,1,1,0,742.1363105758054,1.0,19:57:00,57,19:35:09
1704,1,2,0,1,1,1,2,108.01461695804714,1.0,23:01:00,57,19:51:12
1705,0,2,1,0,1,1,0,19.115724368427752,1.0,08:19:00,57,19:37:54
1706,0,1,0,2,0,1,1,460.8796608575017,1.0,09:00:00,57,18:18:21
1707,1,1,2,2,1,1,0,901.1582393935118,1.0,07:44:00,57,18:22:44
1708,1,1,1,1,1,0,1,21.796338459365373,1.0,09:03:00,57,20:45:08
1710,1,0,1,0,1,0,1,235.40977936620826,1.0,21:06:00,57,18:53:15
1711,0,2,0,1,0,1,0,2049.9647719555687,1.0,12:43:00,57,20:10:05
1712,0,2,0,2,1,1,1,520.195699516494,1.0,11:39:00,57,19:49:32
1713,1,0,0,1,1,1,1,1122.2322881953237,1.0,18:49:00,57,18:38:51
1715,1,0,2,0,0,0,0,1492.892964740791,1.0,18:06:00,57,18:05:09
1716,1,1,0,2,1,0,0,1271.6841720723025,1.0,17:46:00,57,19:14:21
1717,1,0,1,2,1,0,1,789.1306877637953,1.0,08:45:00,57,20:54:30
1718,0,2,1,2,0,1,0,293.34994098176844,1.0,09:18:00,57,19:58:32
1719,1,2,1,2,0,1,0,627.7908667093752,1.0,12:40:00,57,19:36:57
1721,1,2,1,2,0,0,2,1788.4119732780005,1.0,08:24:00,57,20:58:12
1722,1,0,2,0,1,1,1,421.5726518227388,1.0,21:17:00,57,20:04:03
1723,0,0,2,0,1,0,0,1044.2738036301719,1.0,00:25:00,57,19:07:44
1726,0,2,2,1,1,1,2,23.271174413711012,1.0,13:25:00,57,20:29:26
1727,0,0,2,2,1,0,0,19.345725817241803,1.0,08:26:00,57,19:25:05
1729,1,0,1,0,1,0,1,119.3577785010992,1.0,21:18:00,57,20:12:22
1730,0,0,2,2,0,1,1,1353.0202009393965,1.0,18:15:00,57,20:05:01
1731,1,1,2,0,0,1,1,734.2770918934204,1.0,19:16:00,57,19:05:01
1732,0,2,2,1,0,0,2,719.769772986881,1.0,18:21:00,57,18:21:01
1733,0,0,1,2,1,0,2,26.420915658896284,1.0,11:56:00,57,20:23:44
1734,0,0,0,2,0,0,0,486.88908606756513,1.0,19:09:00,57,19:08:52
1735,0,1,1,2,1,1,1,708.6392787251912,1.0,22:20:00,57,20:58:16
1736,1,1,0,2,1,1,2,144.42576872362983,1.0,20:04:00,57,19:35:06
1737,1,1,2,1,1,1,0,36.186337007530135,1.0,20:23:00,57,19:46:48
1738,1,1,1,2,1,1,1,1121.5122437884531,1.0,19:23:00,57,18:38:57
1739,0,0,2,2,0,1,1,988.5485423404413,1.0,18:51:00,57,18:17:07
1740,0,2,0,1,0,0,2,1210.4436913678978,1.0,11:15:00,57,20:36:02
1742,1,2,0,1,0,0,1,31.309260927213074,1.0,11:39:00,57,19:14:08
1744,1,0,1,2,0,0,2,144.6557262365456,1.0,12:25:00,57,18:45:04
1745,1,0,0,2,1,1,1,210.14027773956403,1.0,19:56:00,57,19:54:01
1748,1,1,2,1,1,1,1,469.54313567826034,1.0,08:48:00,57,18:44:01
1750,0,2,2,1,0,1,1,769.2825674091495,1.0,19:20:00,57,18:01:01
1751,0,0,0,0,0,0,1,764.3226100886052,1.0,19:18:00,57,20:16:54
1752,0,0,2,0,0,1,2,152.84968407546842,1.0,08:26:00,57,20:17:15
1754,0,1,0,0,0,0,2,251.95992576885916,1.0,20:09:00,57,18:50:26
1755,1,2,2,0,1,1,2,525.492124292079,1.0,21:34:00,57,18:26:10
1756,1,1,0,0,0,0,2,695.2574576435361,1.0,19:52:00,57,19:38:53
1757,0,1,2,0,0,0,2,626.4027385707723,1.0,18:27:00,57,20:31:01
1758,1,0,1,1,1,1,1,201.05104200964297,1.0,15:53:00,57,18:59:13
1759,1,2,1,2,1,1,0,2684.96379549305,1.0,08:54:00,57,20:02:09
1760,0,0,2,2,0,0,1,1413.6459145749845,1.0,15:34:00,57,19:34:29
1761,0,1,0,1,1,1,0,198.5610364244834,1.0,20:03:00,57,19:55:05
1762,1,2,2,0,0,0,2,1295.1137383069636,1.0,14:04:00,57,19:15:07
1764,1,1,0,0,0,1,2,599.9088971561089,1.0,22:51:00,57,18:33:15
1765,0,0,0,1,0,0,1,612.2831210796305,1.0,17:47:00,57,19:56:17
1766,0,0,1,0,0,1,0,803.7074316950044,1.0,20:31:00,57,20:16:01
1767,1,0,1,1,1,1,2,1327.8613691441071,1.0,08:16:00,57,20:25:21
1768,0,0,2,0,0,1,2,1462.4368054919312,1.0,20:05:00,57,18:52:17
1772,0,2,1,0,1,1,0,535.9590246822548,1.0,19:29:00,57,18:10:05
1777,1,2,2,2,0,1,1,607.9715096063359,1.0,18:28:00,57,18:09:41
1778,1,0,0,2,0,1,2,766.6820663666208,1.0,07:37:00,57,20:20:02
1804,1,1,2,1,0,0,0,228.7756504981369,1.0,21:03:00,60,19:23:08
1819,0,2,0,1,0,1,1,1580.0047589816736,1.0,20:06:00,61,20:01:53
1823,1,0,2,2,0,1,2,3160.849993214623,1.0,11:20:00,61,19:18:56
1832,0,1,0,1,1,1,0,1041.1291162246814,1.0,18:08:00,62,16:26:59
1853,1,0,2,0,1,0,2,979.0478037016264,1.0,17:21:00,62,17:19:28
1858,1,0,2,2,0,0,0,708.9542213940268,1.0,19:06:00,62,19:02:18
1862,0,0,2,0,0,0,2,616.45814932704,1.0,21:36:00,62,21:15:23
1866,0,2,1,1,0,0,1,147.15252774614902,1.0,16:16:00,62,16:10:41
1891,0,0,0,0,1,0,1,577.8191817037011,1.0,15:48:00,63,15:14:02
1899,1,1,2,1,0,0,0,1000.7983819906692,1.0,23:20:00,63,22:54:07
1911,1,1,2,1,0,0,2,857.6975272135402,1.0,23:00:00,63,22:47:54
1912,1,2,0,2,0,1,2,765.6612963276925,1.0,20:52:00,65,20:48:57
1913,1,0,2,1,1,1,0,768.8227545998393,1.0,19:04:00,65,19:04:06
1914,1,2,0,2,0,0,1,1983.131490709696,1.0,19:10:00,66,19:07:13
1919,1,2,2,1,0,0,2,333.5197226317687,1.0,20:45:00,66,19:30:08
1927,1,0,1,2,1,1,2,546.7860735060497,1.0,19:03:00,66,19:03:26
2045,0,1,2,1,1,1,0,291.1329186217002,1.0,11:37:00,68,11:37:46
2046,0,2,2,0,0,1,2,1397.7137481358448,1.0,15:49:00,68,15:49:47
2047,1,0,0,0,1,1,0,1140.8740262617316,1.0,20:02:00,68,20:01:48
2048,1,0,0,1,1,0,0,26.318927559108076,1.0,09:31:00,68,09:19:51
2051,1,2,1,2,1,0,0,686.228548285308,1.0,14:58:00,68,14:15:25
2070,0,0,2,1,0,0,1,445.1227083067248,1.0,20:49:00,68,19:14:25
2084,0,2,2,2,0,1,0,416.0860095350242,1.0,21:26:00,69,20:59:19
2091,1,2,0,2,0,0,2,597.0830908616717,1.0,19:57:00,69,19:57:06
2096,0,0,2,1,1,0,2,294.36601311704004,1.0,20:16:00,71,19:27:48
2098,1,0,2,2,0,1,1,2331.9099512135017,1.0,19:12:00,71,19:11:28
2105,0,0,2,2,1,1,2,14.079885301002175,1.0,16:15:00,72,16:11:19
2107,0,1,0,0,0,1,0,398.9097553573697,1.0,10:40:00,72,10:40:15
2111,0,0,0,1,1,0,0,1804.3500603296395,1.0,21:14:00,72,20:54:47
2123,0,2,2,1,1,0,1,1247.4241784904468,1.0,20:27:00,72,20:27:10
2124,0,1,0,1,1,1,1,1390.4908317110226,1.0,19:01:00,72,18:10:09
2125,0,2,2,2,1,1,0,527.3149169010998,1.0,20:32:00,72,19:47:10
2126,0,2,1,1,1,0,0,192.59276682977435,1.0,19:31:00,72,19:24:11
2135,1,0,2,0,0,1,0,833.0843216851465,1.0,19:30:00,72,19:23:15
2136,1,2,2,0,1,1,2,220.52828258785453,1.0,19:09:00,72,19:09:13
2155,1,0,2,1,1,1,1,841.52247449657,1.0,18:02:00,72,18:01:15
2159,1,1,0,2,1,1,1,202.6921927047261,1.0,18:20:00,72,18:18:43
2160,0,0,1,1,1,1,0,591.0222314131863,1.0,03:33:00,72,03:32:02
2161,1,1,1,2,1,0,0,786.2523357503119,1.0,04:30:00,72,03:39:25
2164,1,2,2,0,1,0,0,648.8065480628728,1.0,03:25:00,72,03:21:24
2173,1,1,2,2,1,0,1,1165.8102536973972,1.0,19:08:00,72,19:06:07
2189,0,2,2,1,0,1,1,220.5948624286491,1.0,20:01:00,72,19:45:24
2192,0,1,2,1,0,1,0,338.5766927920227,1.0,18:59:00,72,18:53:38
2196,1,1,1,0,1,1,1,150.86942792715593,1.0,20:28:00,72,20:14:18
2197,0,2,1,1,0,1,1,277.09661436637765,1.0,19:08:00,72,19:08:18
2198,0,0,0,1,0,0,1,275.67006347114017,1.0,19:48:00,72,19:08:01
2207,0,0,2,1,0,0,2,1802.8699949886368,1.0,19:58:00,72,19:38:15
2210,0,1,2,2,0,1,0,415.43457695850236,1.0,19:51:00,72,19:50:02
2212,1,1,1,1,1,1,2,2007.2828777836328,1.0,20:29:00,72,20:08:25
2213,0,2,1,0,1,0,2,2069.308684556346,1.0,20:53:00,72,19:25:46
2216,0,0,0,0,0,1,2,1835.766152160108,1.0,18:32:00,72,18:22:16
2217,0,2,2,1,0,0,0,87.58549082537338,1.0,18:43:00,72,18:35:17
2220,0,2,2,0,0,0,1,1000.8772099844896,1.0,18:23:00,72,18:23:16
2223,1,2,0,2,0,0,2,359.2890070295777,1.0,18:29:00,72,18:29:10
2225,1,1,0,1,0,0,2,10.478342837852628,1.0,21:18:00,72,20:28:45
2228,1,1,1,1,0,0,0,1703.8716094819501,1.0,19:08:00,72,19:04:31
2231,1,0,1,2,0,1,0,1038.0908556546526,1.0,19:04:00,72,19:04:06
2233,0,0,1,2,1,0,1,997.837974956578,1.0,21:04:00,72,20:45:13
2234,1,2,0,1,0,1,1,1334.6601630392313,1.0,22:01:00,72,20:28:04
2235,0,2,1,2,0,1,0,53.598432490866784,1.0,19:14:00,72,19:14:08
2236,1,2,0,1,0,1,2,548.2651859208222,1.0,18:05:00,72,18:04:11
2238,1,1,2,2,1,1,2,623.51986137789,1.0,19:22:00,72,19:11:06
2239,0,0,0,2,0,1,2,1759.848673927742,1.0,19:17:00,72,19:03:47
2242,1,1,0,2,0,0,2,1097.9407440123289,1.0,20:48:00,72,20:36:05
2246,0,0,2,2,0,0,2,1689.9441032886261,1.0,20:15:00,72,19:57:50
2285,0,2,1,0,0,0,1,532.1649457807663,1.0,19:23:00,74,19:15:12
2288,1,0,2,0,0,0,1,648.5009164912616,1.0,20:12:00,74,19:38:02
2290,1,1,1,0,1,1,0,24.774232051867084,1.0,21:17:00,74,20:25:34
2303,1,1,0,0,0,1,1,831.8169959947462,1.0,10:05:00,74,20:42:14
2331,0,2,0,2,1,0,1,172.13974252153443,1.0,18:10:00,75,17:50:02
2332,0,1,0,1,0,0,0,344.9546053559805,1.0,22:36:00,75,20:47:37
2335,0,0,1,0,0,0,1,821.3781531543549,1.0,18:43:00,75,18:42:49
2336,0,0,1,1,1,0,2,339.7369573414684,1.0,20:03:00,75,20:03:43
2338,0,2,1,2,0,1,0,66.04348779800054,1.0,18:21:00,75,18:13:08
2340,1,0,0,0,1,0,0,615.5722072560358,1.0,20:20:00,75,18:10:07
2341,1,0,1,0,1,0,1,1171.5571391470378,1.0,18:54:00,75,18:30:33
2344,1,0,2,2,1,1,0,124.7931676535655,1.0,20:39:00,76,20:39:53
2345,0,2,0,1,0,1,1,931.886018417404,1.0,23:13:00,76,20:20:11
2347,1,1,1,2,1,0,2,109.01264762405441,1.0,20:24:00,76,20:24:47
2348,1,1,0,1,1,0,1,21.741633131863328,1.0,22:08:00,76,19:56:13
2349,0,2,2,1,0,0,2,815.8228935532597,1.0,21:52:00,76,19:30:01
2350,1,2,2,2,1,0,1,348.7150663521823,1.0,19:41:00,76,19:38:01
2351,1,0,2,1,1,1,0,397.02905955984,1.0,23:06:00,76,20:01:01
2352,0,1,0,0,0,0,1,711.0931850248129,1.0,18:42:00,76,18:41:45
2353,1,0,0,1,0,0,2,1131.065689164832,1.0,20:12:00,76,19:59:01
2354,0,1,2,1,0,0,1,161.20414572273424,1.0,21:50:00,76,19:05:01
2355,0,1,1,2,0,0,2,330.7256288105494,1.0,22:34:00,76,19:47:24
2356,0,2,2,0,1,0,1,557.9341167059484,1.0,18:10:00,76,18:05:00
2358,0,1,1,1,0,1,1,1446.482504403905,1.0,12:02:00,76,19:23:08
2359,0,0,0,1,1,0,2,427.46868799182283,1.0,20:41:00,76,20:31:01
2360,0,0,2,2,0,1,2,961.9100257514464,1.0,23:23:00,76,19:25:01
2361,0,0,1,1,1,1,0,1420.8348326647877,1.0,23:21:00,76,18:44:24
2362,1,2,1,1,1,0,0,1687.861367014192,1.0,21:42:00,76,20:44:24
2363,1,1,2,2,0,0,1,1424.2410656749826,1.0,18:15:00,76,18:13:37
2364,0,2,1,2,1,0,0,878.0472963960217,1.0,20:38:00,76,20:38:04
2367,1,0,0,0,0,0,1,1235.268075069025,1.0,15:39:00,76,19:38:11
2369,0,0,0,2,0,1,2,1264.7760593047108,1.0,23:15:00,76,18:00:02
2370,1,0,1,0,1,1,1,355.2521579093036,1.0,19:53:00,76,18:37:38
2371,1,0,0,0,0,0,2,366.00128622976507,1.0,19:27:00,76,18:24:58
2372,1,2,0,0,0,0,1,590.743411632326,1.0,18:02:00,76,18:02:01
2374,0,1,0,1,0,1,1,436.6204516976541,1.0,18:51:00,76,18:51:01
2375,0,0,0,0,1,0,0,12.77616543792536,1.0,21:34:00,76,20:04:36
2376,0,0,0,2,1,0,2,270.63356540072687,1.0,23:34:00,76,20:09:34
2377,1,1,0,0,0,0,1,637.2004054755888,1.0,20:50:00,76,20:45:01
2380,0,2,0,2,0,0,2,240.41802402337842,1.0,23:33:00,76,20:46:08
2381,0,0,1,0,0,1,2,896.7519506220001,1.0,22:39:00,76,20:57:11
2382,0,2,0,1,0,1,1,935.091878464728,1.0,20:39:00,76,20:32:01
2383,1,0,0,2,0,0,1,622.6772417707498,1.0,00:30:00,76,20:12:01
2384,1,1,0,1,1,0,2,492.23675408282713,1.0,23:01:00,76,19:08:01
2386,1,0,1,2,0,1,1,748.7870321160863,1.0,23:22:00,76,20:43:41
2387,0,1,1,2,1,0,0,1474.5034081906006,1.0,22:53:00,76,19:04:01
2389,1,2,0,1,0,1,0,815.7468478824626,1.0,23:22:00,76,20:11:01
2390,1,0,0,2,1,1,2,78.96579061637084,1.0,23:08:00,76,19:43:41
2394,0,0,0,2,1,0,1,403.90324607659966,1.0,23:24:00,76,20:16:01
2395,0,0,1,1,0,1,1,878.7178237171173,1.0,22:24:00,76,20:45:02
2397,1,1,0,2,1,1,0,2372.4684790298256,1.0,18:54:00,76,18:17:22
2398,1,1,0,0,1,0,0,1268.5179391382005,1.0,19:53:00,76,19:50:32
2399,1,1,2,1,1,1,1,954.1440618291887,1.0,21:30:00,76,19:48:57
2412,1,0,1,2,0,0,1,1026.0657501830362,1.0,21:06:00,76,20:24:46
2419,1,2,0,1,1,0,0,534.3557432808165,1.0,20:44:00,76,20:25:09
2421,1,2,0,2,0,1,2,389.2624138972127,1.0,10:35:00,76,19:21:22
2423,0,0,1,1,0,0,1,1082.4661044568936,1.0,20:51:00,76,20:31:16
2424,0,2,2,1,0,1,0,833.1954839955223,1.0,23:35:00,76,19:39:39
2425,0,1,1,0,1,0,2,2638.57491388518,1.0,20:19:00,76,18:14:16
2433,1,2,1,2,1,1,1,264.47471535761207,1.0,16:49:00,76,19:29:46
2436,1,0,1,1,1,0,1,827.2963602798683,1.0,15:34:00,76,20:57:38
2454,1,2,1,2,0,1,2,723.3599719386017,1.0,19:46:00,76,18:57:59
2473,1,1,2,0,0,1,2,338.7901219795562,1.0,18:14:00,77,17:32:48
2475,0,1,1,0,1,1,2,2242.2102223801985,1.0,18:35:00,77,18:25:44
2476,1,1,2,2,0,0,2,3646.569801865863,1.0,19:57:00,77,19:37:35
2479,1,1,2,1,1,1,0,1467.2733575741456,1.0,23:56:00,77,20:56:02
2480,1,1,1,2,0,0,2,1649.2800674044254,1.0,22:50:00,77,20:14:28
2482,1,0,0,1,1,1,1,553.1709171002743,1.0,20:38:00,77,19:33:02
2484,1,1,2,2,0,1,0,277.50189553552667,1.0,22:52:00,77,18:41:22
2487,1,2,1,0,0,0,2,1904.4423346363465,1.0,21:10:00,77,20:48:59
2491,0,0,2,1,0,0,1,2276.696096832057,1.0,20:38:00,77,19:00:58
2492,1,1,1,2,1,0,1,200.887315237007,1.0,20:45:00,77,19:31:01
2507,0,2,1,0,1,0,0,719.2106640063123,1.0,22:51:00,77,19:40:19
2508,1,1,1,0,0,1,0,1142.1548397107615,1.0,21:58:00,77,18:13:03
2510,0,0,0,2,0,1,2,1549.5949803979681,1.0,22:19:00,77,20:48:56
2511,0,1,2,2,1,1,0,136.2542627704941,1.0,20:53:00,77,20:41:40
2513,0,1,2,2,0,1,0,597.7740871657527,1.0,20:58:00,77,18:57:20
2521,1,2,1,0,0,0,0,1809.1520572657312,1.0,20:48:00,78,18:48:17
2522,0,0,2,1,0,0,2,1329.716826232863,1.0,21:53:00,78,20:45:38
2523,0,2,2,1,1,0,2,110.01249797790793,1.0,21:06:00,78,19:34:33
2524,1,2,2,2,0,0,2,163.31411800322485,1.0,21:03:00,78,20:12:52
2525,0,2,0,0,1,1,0,928.4956302584316,1.0,22:42:00,78,19:45:55
2529,1,0,2,2,1,0,1,2117.6103406106054,1.0,20:59:00,78,20:53:32
2535,0,2,2,0,0,1,1,251.6749053136724,1.0,22:37:00,78,20:22:57
2560,0,2,0,0,1,1,0,414.0980720481832,1.0,18:21:00,81,15:37:38
2562,0,0,0,1,1,1,2,1160.3989191865307,1.0,18:01:00,82,18:00:54
2566,1,0,0,1,1,1,1,1048.8491699378974,1.0,18:34:00,84,09:59:42
2571,1,0,0,1,0,1,1,134.91240611060675,1.0,09:41:00,84,09:11:56
2573,1,1,1,0,1,0,2,521.220835027421,1.0,11:12:00,84,11:12:29
2574,0,2,1,2,0,0,2,1262.0189281651853,1.0,15:25:00,84,15:24:31
2577,0,2,2,2,1,1,1,1028.05757822436,1.0,15:13:00,84,15:12:37
2578,1,1,2,0,1,0,0,1005.1700486313775,1.0,19:38:00,85,18:55:00
2583,0,0,2,2,0,1,0,517.7202675010598,1.0,19:21:00,85,19:10:31
2590,1,0,2,1,1,1,2,39.80633963566977,1.0,18:34:00,86,18:10:09
2592,1,1,2,1,0,1,0,22.10848378608427,1.0,20:50:00,86,20:16:01
2593,1,2,2,1,0,1,0,1264.8254946831473,1.0,20:00:00,86,20:00:31
2602,0,0,0,1,1,1,2,247.2340877031956,1.0,20:55:00,87,20:55:01
2606,1,1,1,0,0,1,2,530.9263715510597,1.0,20:55:00,87,20:55:01
2607,1,2,1,0,1,0,1,286.2186469040272,1.0,18:35:00,87,18:34:21
2609,1,2,2,0,1,1,0,74.15657659505145,1.0,22:52:00,87,18:04:20
2623,0,1,0,2,1,1,1,415.50461032743215,1.0,19:40:00,87,18:23:27
2636,1,0,1,0,1,1,0,1188.4451068173453,1.0,20:36:00,88,20:35:56
2637,1,2,0,1,1,1,1,631.7616928457454,1.0,20:47:00,88,20:47:01
2651,1,0,0,1,0,1,1,2179.536303648812,1.0,20:16:00,88,18:45:00
2679,1,1,1,1,0,0,1,247.7574000421684,1.0,22:03:00,89,20:44:36
2751,1,0,0,1,0,0,0,581.7024077363396,1.0,15:48:00,93,14:36:42
2757,0,1,1,0,0,0,1,431.1457248320346,1.0,20:33:00,93,20:12:25
2764,0,0,0,0,1,0,0,280.3509066698656,1.0,20:52:00,93,19:20:54
2766,0,0,1,1,0,0,2,280.626833996058,1.0,19:59:00,93,17:01:25
2768,0,0,1,0,1,0,1,1027.9204167718974,1.0,11:37:00,93,11:37:03
2769,1,0,1,0,0,0,0,228.4694447520568,1.0,16:34:00,93,16:31:48
2771,1,0,2,2,0,0,0,1164.1440039160545,1.0,11:20:00,93,11:15:52
2773,1,0,0,2,0,0,1,1757.10266517754,1.0,18:11:00,93,17:39:30
2776,1,1,2,2,0,0,2,754.6934765535568,1.0,18:51:00,93,18:27:07
2789,0,0,1,0,1,1,0,1335.1715483707774,1.0,15:32:00,94,13:49:43
2791,1,1,2,0,1,0,1,1065.984616229489,1.0,13:41:00,96,10:20:05
2793,1,1,1,1,0,1,1,994.6088501416203,1.0,20:38:00,96,18:26:44
2794,0,2,2,0,1,1,2,389.1709734764711,1.0,19:28:00,96,19:16:25
2807,0,2,2,0,1,1,1,527.3735998778618,1.0,21:02:00,96,20:33:11
2813,1,0,2,1,0,0,1,621.6831802274877,1.0,19:55:00,96,19:53:58
2814,1,0,0,1,1,0,1,443.3158619464557,1.0,20:34:00,96,19:30:54
2845,0,1,2,1,1,0,2,544.2954412214716,1.0,19:56:00,98,18:57:01
2858,0,2,0,2,1,0,1,858.2194916876009,1.0,18:35:00,99,18:35:20
2882,0,0,2,0,1,1,2,70.90944492702285,1.0,19:47:00,101,19:08:45
2895,0,0,2,1,0,0,0,343.8330584445112,1.0,19:06:00,101,19:06:04
2929,1,2,0,1,0,0,1,1369.3142546794425,1.0,11:38:00,101,20:58:00
2951,0,0,2,1,1,1,1,1065.0349482036129,1.0,19:23:00,103,18:37:00
2952,1,1,0,1,0,1,1,653.2481997115433,1.0,20:34:00,103,20:33:06
2997,0,0,2,2,1,0,0,738.9853881352087,1.0,18:58:00,103,18:57:36
3010,1,2,2,1,0,1,0,170.61711868922296,1.0,22:19:00,103,19:51:47
3015,1,0,0,2,1,1,1,845.668314631252,1.0,19:37:00,103,20:22:04
3049,0,0,0,0,1,0,1,378.45705887121636,1.0,22:13:00,103,20:46:48
3075,0,1,0,0,0,0,2,400.39613164150137,1.0,20:47:00,103,18:09:01
3081,0,1,0,0,1,0,0,1893.3265397836808,1.0,23:01:00,103,18:22:01
3084,0,0,2,0,1,1,0,131.1271222506424,1.0,22:39:00,104,20:29:15
3105,0,1,2,2,1,0,2,502.02173054100217,1.0,18:45:00,104,18:45:39
3139,1,2,2,1,1,1,2,1371.5767182216991,1.0,20:50:00,107,12:28:01
3140,1,2,0,1,0,0,0,961.6251675654236,1.0,08:21:00,107,17:14:01
3142,0,0,1,0,1,1,1,1357.6263983144354,1.0,15:41:00,107,22:02:29
3154,1,0,1,0,0,1,0,106.27114353935238,1.0,12:15:00,108,12:08:18
3231,1,0,0,2,0,0,0,31.536900276611824,1.0,18:34:00,112,18:08:10
3232,0,1,0,1,0,1,2,716.5905414365758,1.0,22:17:00,113,20:38:20
3233,1,0,0,0,1,1,1,1112.8866032419744,1.0,11:57:00,113,11:45:34
3236,0,0,0,0,1,0,1,191.038213482363,1.0,14:44:00,113,13:50:25
3238,0,2,0,2,1,0,0,486.58229783590417,1.0,13:35:00,113,11:49:39
3239,0,2,0,1,0,1,2,25.98808313373648,1.0,14:19:00,113,12:33:40
3241,1,0,1,0,1,0,1,1112.1008898758685,1.0,22:44:00,113,20:02:14
3242,1,0,1,1,1,1,1,273.3354059341209,1.0,12:25:00,113,11:18:24
3243,1,1,0,1,1,1,2,524.7448866221404,1.0,13:39:00,113,10:35:38
3244,1,1,2,1,1,1,1,940.384339440304,1.0,15:20:00,113,12:52:39
3284,0,0,1,1,0,1,0,1150.3507075399593,1.0,13:35:00,113,17:47:00
3293,1,1,0,0,1,0,2,1292.1752545344302,1.0,20:26:00,114,20:14:35
3294,0,0,0,1,0,1,2,277.85784845367647,1.0,22:08:00,114,20:36:58
3296,0,1,1,2,1,1,2,403.4842793053063,1.0,00:27:00,114,19:58:50
3299,0,1,0,2,0,0,0,141.15738248979156,1.0,22:10:00,114,19:49:55
3300,1,2,0,1,0,0,0,1588.3564535933554,1.0,19:00:00,114,18:30:32
3301,0,2,1,0,0,1,2,1943.1552884870746,1.0,19:57:00,114,18:59:03
3306,0,1,1,0,0,0,1,323.08826499450896,1.0,21:01:00,114,20:03:14
3314,1,1,0,0,0,0,0,766.6322812042998,1.0,18:25:00,114,18:25:12
3317,1,1,0,2,0,0,2,79.40569677303272,1.0,19:16:00,114,19:15:48
3320,1,0,1,0,0,1,0,560.5767050653419,1.0,12:58:00,115,18:47:53
3413,1,0,0,1,1,1,0,1876.5484406728574,1.0,17:51:00,116,14:22:43
3443,1,0,1,0,1,0,1,716.0178404718815,1.0,20:26:00,118,20:10:35
3455,0,2,1,1,1,1,1,1685.8484619160286,1.0,18:51:00,118,18:32:43
3530,1,0,2,2,0,1,0,1366.5639457925045,1.0,23:11:00,119,19:02:28
3545,0,1,2,1,0,1,1,598.6013734752217,1.0,18:36:00,121,18:17:19
3548,0,0,0,0,1,1,2,51.43689824019509,1.0,18:19:00,121,18:14:35
3559,0,0,1,1,1,0,0,633.269072479441,1.0,19:04:00,122,19:02:47
3600,1,0,2,1,0,1,1,1067.715591058065,1.0,19:32:00,123,19:32:10
3603,0,1,2,0,0,0,1,645.3555936416989,1.0,18:18:00,123,18:18:00
3606,0,1,1,0,1,0,1,1734.8279950397534,1.0,20:44:00,123,20:43:01
3608,0,1,0,2,1,0,1,731.2444808595328,1.0,20:31:00,123,20:21:01
3615,1,0,1,2,0,1,1,513.2276940244825,1.0,20:58:00,123,20:51:00
3617,0,0,1,0,0,0,0,200.19085356479832,1.0,19:42:00,123,19:40:56
3632,0,2,2,0,1,1,2,612.5672847823259,1.0,18:47:00,124,18:09:18
3634,0,2,0,2,1,1,0,803.3154843415903,1.0,21:03:00,124,20:58:03
3635,1,2,1,2,1,0,0,629.7491520205991,1.0,20:13:00,124,20:13:03
3636,0,0,0,2,0,0,2,752.2672520422144,1.0,18:45:00,124,18:14:03
3637,1,2,2,0,0,0,2,1541.5389024016947,1.0,18:44:00,124,18:13:09
3638,0,2,1,1,1,1,1,2093.126407227532,1.0,20:01:00,124,20:01:09
3639,1,1,0,1,0,0,2,1215.1185832581155,1.0,18:29:00,124,18:29:14
3640,1,0,1,2,1,0,0,1605.5899276508246,1.0,20:26:00,124,20:06:30
3642,1,0,0,1,0,0,2,1896.9369815514303,1.0,18:58:00,124,18:31:12
3643,1,1,1,2,0,1,1,218.9846969231461,1.0,20:20:00,124,20:08:01
3644,0,2,2,1,0,0,0,1219.318721447038,1.0,21:02:00,124,20:51:13
3646,0,2,1,0,1,0,2,1493.666190883157,1.0,19:06:00,124,19:05:01
3649,1,2,1,1,1,1,2,810.1419711514328,1.0,19:05:00,124,19:05:14
3676,1,1,2,2,0,0,0,1079.1100539170702,1.0,20:29:00,124,20:26:04
3677,0,0,2,0,1,0,0,1542.4076529759436,1.0,18:49:00,124,18:13:55
3685,0,1,1,1,0,0,0,626.2717577680818,1.0,20:40:00,124,20:19:49
3690,1,0,2,2,1,1,0,957.4657159263304,1.0,20:37:00,126,20:29:38
3691,1,0,2,0,0,0,1,873.2164364799713,1.0,09:15:00,126,09:14:35
3693,1,1,0,1,0,0,1,1417.3843201409977,1.0,20:03:00,126,20:01:06
3695,0,1,0,2,1,1,0,183.42728053201424,1.0,20:21:00,126,20:20:47
3697,0,1,1,0,1,1,2,685.9554912534509,1.0,20:42:00,126,19:27:57
3698,0,1,1,2,1,0,1,1451.2267756796352,1.0,22:24:00,126,21:54:20
3701,0,0,0,1,0,1,2,516.8318150860379,1.0,14:42:00,126,11:39:54
3707,1,2,0,1,1,0,1,632.3757224550429,1.0,11:14:00,126,09:34:41
3742,1,2,2,2,1,0,2,430.8299631508187,1.0,10:06:00,126,09:13:57
3745,0,0,1,0,1,0,0,360.46554698522203,1.0,23:24:00,126,14:51:02
3746,0,2,1,0,0,0,2,999.0229838336425,1.0,20:05:00,126,15:06:11
3749,1,1,2,2,1,1,1,922.8757978602499,1.0,09:28:00,126,09:12:58
3754,1,0,2,0,0,0,1,121.83235907131842,1.0,18:44:00,204,18:44:39
3755,1,0,0,0,0,0,0,197.73417710977142,1.0,19:27:00,204,19:27:45
3756,1,2,0,1,0,1,1,911.3028956016541,1.0,20:19:00,204,20:19:26
3757,0,1,2,0,0,0,1,163.91147274807395,1.0,20:55:00,204,20:52:06
3758,1,2,2,0,0,1,2,1293.4315130040172,1.0,20:23:00,204,20:17:16
3759,0,1,0,1,1,0,1,1349.9841524997926,1.0,20:16:00,204,20:15:01
3782,1,2,2,2,1,0,1,754.7680391987958,1.0,20:32:00,130,20:26:35
3783,0,2,0,0,0,1,2,290.32375268666925,1.0,13:15:00,130,10:05:37
3784,1,0,1,2,1,1,1,1865.024545337922,1.0,15:30:00,130,14:17:38
3785,0,1,1,0,1,1,1,1610.3815104099726,1.0,21:32:00,130,18:29:39
3786,0,0,0,2,1,0,1,702.7747818693823,1.0,11:21:00,130,11:19:51
3787,1,0,0,2,1,0,0,800.6822558730878,1.0,16:24:00,130,15:31:52
3788,1,1,2,2,0,1,0,888.2431575488022,1.0,19:44:00,130,19:43:53
3789,1,1,2,2,1,0,1,266.943758645267,1.0,10:05:00,130,10:04:56
3791,1,2,2,1,0,0,1,278.6874193047831,1.0,22:45:00,130,20:55:59
3792,1,2,1,2,1,1,0,409.4985973281922,1.0,15:25:00,130,11:17:02
3795,0,1,1,1,0,1,1,378.5129007923958,1.0,14:27:00,130,14:22:00
3796,0,1,0,1,1,1,0,237.7654968707963,1.0,16:23:00,130,15:33:41
3797,1,0,0,0,1,0,1,1460.8255230369105,1.0,17:10:00,130,16:20:28
3798,1,1,2,2,0,1,1,122.91317358574264,1.0,18:46:00,130,18:46:17
3799,1,2,0,1,0,0,1,869.4003456329217,1.0,15:34:00,130,12:53:24
3800,0,1,2,0,1,0,2,1314.5074031818244,1.0,10:28:00,130,10:27:57
3801,0,1,2,0,1,0,1,31.65932196818797,1.0,18:50:00,130,18:50:16
3802,0,2,1,0,1,0,0,390.1710475937014,1.0,10:37:00,130,10:10:53
3803,1,0,0,1,1,1,1,737.8926372619172,1.0,12:44:00,130,12:16:40
3804,1,1,0,1,1,0,0,540.1122627731795,1.0,18:03:00,130,17:10:41
3805,0,2,0,1,0,1,0,497.3146132119117,1.0,23:49:00,130,21:22:42
3806,1,1,0,1,1,1,2,96.52630455350516,1.0,21:02:00,132,20:59:00
3810,1,2,2,2,0,1,2,574.6028734736967,1.0,19:39:00,132,19:06:30
3827,0,0,0,0,0,0,0,674.4849344185534,1.0,20:52:00,134,19:50:18
3828,0,1,1,0,0,1,0,440.5094097871341,1.0,20:49:00,134,20:49:20
3829,1,0,2,0,1,1,2,3061.1952563259315,1.0,21:28:00,134,19:19:57
3833,0,1,1,1,0,0,1,6.601602962041838,1.0,23:42:00,134,20:52:30
3834,1,1,2,1,0,1,0,929.6894797621428,1.0,20:31:00,134,20:30:32
3835,0,1,1,2,0,0,1,689.6644895750336,1.0,22:11:00,134,20:26:35
3837,0,0,2,2,0,0,0,1637.1784179842261,1.0,19:20:00,134,19:19:37
3839,1,1,1,1,0,1,1,599.9882212203785,1.0,00:02:00,134,18:30:29
3840,0,0,2,1,0,1,1,777.4470709876564,1.0,08:29:00,134,20:38:44
3841,1,2,0,0,1,1,2,143.6406532687611,1.0,21:11:00,134,20:43:06
3846,1,1,0,0,1,1,0,10.343763658609653,1.0,20:03:00,134,20:03:27
3849,1,1,0,1,1,1,2,668.7277824564936,1.0,18:40:00,134,18:40:16
3858,0,1,0,0,1,0,2,1644.3926925507235,1.0,00:47:00,134,19:11:37
3863,1,0,0,0,1,1,0,632.2892790269162,1.0,19:19:00,134,19:18:37
3874,1,0,2,0,0,0,1,1117.8553522640693,1.0,19:27:00,135,19:23:31
3876,1,0,0,1,0,1,1,665.2447632431251,1.0,18:59:00,135,18:27:00
3897,0,2,2,2,0,1,2,2216.5337081607936,1.0,19:52:00,137,19:51:27
3899,0,0,0,0,1,1,0,339.58331079908544,1.0,22:11:00,137,19:20:09
3902,1,2,2,2,1,1,1,335.4735264722512,1.0,11:10:00,138,11:09:08
3904,0,0,0,1,1,1,2,1885.0879900477162,1.0,19:23:00,138,19:22:03
3906,0,2,0,0,1,1,1,239.43794714225345,1.0,20:18:00,140,20:18:01
3908,0,0,2,2,0,0,1,963.5913066551567,1.0,22:49:00,140,19:33:20
3909,0,2,0,2,1,0,0,1216.9007725621366,1.0,19:19:00,140,18:50:15
3912,0,1,2,2,0,1,0,141.2925985479713,1.0,18:46:00,140,18:05:01
3915,1,2,0,2,0,0,1,1128.5965648670751,1.0,20:22:00,140,20:22:47
3916,0,2,1,2,0,0,0,1667.9915276821725,1.0,20:53:00,140,20:52:46
3929,1,2,0,2,0,1,1,1262.1867011395586,1.0,19:51:00,140,18:48:53
3937,1,2,2,0,0,1,2,961.1948659209767,1.0,21:10:00,141,21:10:18
3938,0,1,1,0,1,1,2,532.4961084584614,1.0,10:43:00,141,10:34:30
3939,0,0,1,2,0,1,0,307.99533796209755,1.0,14:42:00,141,14:37:47
3940,0,2,1,2,0,1,1,1510.05123531832,1.0,19:15:00,141,18:55:09
3941,1,2,0,0,1,1,0,612.059395250145,1.0,11:02:00,141,10:17:04
3942,1,0,0,0,1,0,0,1461.2658344135345,1.0,15:41:00,141,14:35:46
3943,0,0,0,1,1,1,0,260.7720535911195,1.0,18:51:00,141,18:47:48
3944,0,0,0,2,0,1,0,187.93328515335136,1.0,10:16:00,141,10:13:33
3946,1,0,1,0,0,1,0,1930.0944662911786,1.0,19:12:00,141,19:06:18
3947,1,0,1,2,0,0,0,316.2068838856298,1.0,21:31:00,141,21:27:25
3948,1,2,1,2,0,0,1,37.774972300084855,1.0,17:00:00,141,15:38:42
3949,0,0,2,1,0,1,1,644.7947133004167,1.0,14:44:00,141,14:21:12
3950,1,1,2,0,0,0,2,2059.2922786322256,1.0,15:44:00,141,13:26:33
3951,0,0,2,0,0,0,0,271.96866515620286,1.0,13:13:00,141,13:07:46
3952,0,1,2,1,0,0,2,883.3268982896506,1.0,00:10:00,141,19:57:59
3953,0,2,0,1,0,1,2,385.6406917185236,1.0,14:13:00,141,13:54:26
3954,1,2,2,0,0,0,0,51.413163957988566,1.0,18:39:00,141,16:40:09
3959,0,2,1,2,0,0,0,922.5385973717412,1.0,20:52:00,141,16:27:02
3962,0,0,2,2,1,0,0,40.76257755272466,1.0,23:04:00,141,20:08:08
3964,1,2,0,0,1,0,0,188.6596479232412,1.0,17:59:00,141,14:05:33
3966,1,1,1,0,1,0,1,255.27496325390587,1.0,20:54:00,143,19:35:57
3969,1,0,1,0,1,0,1,2113.3855060940114,1.0,20:48:00,143,20:47:31
3971,0,2,0,2,0,0,1,765.4639094924213,1.0,18:28:00,143,18:27:45
3979,0,1,0,2,0,0,1,1279.4822259761784,1.0,18:50:00,143,18:47:00
3999,1,1,2,0,0,0,2,219.74062557787803,1.0,18:36:00,144,18:35:51
4001,1,0,2,2,1,1,0,711.7536508784848,1.0,19:48:00,144,19:26:01
4005,0,0,0,2,1,1,1,251.792019928988,1.0,21:40:00,146,21:38:20
4007,0,1,2,2,1,1,2,823.5340446465179,1.0,11:33:00,146,11:13:40
4012,0,0,2,1,1,0,0,2552.3872005520393,1.0,22:00:00,146,20:38:59
4013,1,2,1,2,1,1,2,247.4742445826783,1.0,22:08:00,146,22:07:24
4015,0,0,0,1,0,0,2,1126.0392161903058,1.0,19:21:00,146,18:17:15
4018,1,2,0,0,1,1,2,236.7741132172026,1.0,21:43:00,146,21:42:18
4019,1,2,0,2,1,0,0,1990.343607832596,1.0,21:48:00,146,20:48:36
4020,1,0,2,0,0,1,1,249.44003383731567,1.0,23:02:00,146,21:56:23
4050,0,2,2,2,0,0,2,1460.4410797667974,1.0,22:57:00,146,19:34:13
4084,0,0,0,1,0,1,2,725.4398755629602,1.0,20:08:00,146,20:08:23
4108,1,0,2,1,1,0,2,731.1307803914982,1.0,21:01:00,147,20:36:17
4111,0,2,2,0,0,0,2,1602.1303725543146,1.0,20:23:00,147,20:22:37
4113,0,2,1,1,1,0,2,278.9698323970716,1.0,00:18:00,147,18:54:00
4114,1,2,2,1,1,0,2,254.63686199361956,1.0,20:26:00,147,18:33:09
4116,0,0,0,0,1,1,0,226.03667362913262,1.0,18:27:00,147,18:22:01
4117,0,1,2,1,0,0,2,118.07726499477785,1.0,21:17:00,147,20:46:04
4118,0,2,0,1,0,0,1,557.9501941984643,1.0,22:33:00,147,20:09:10
4119,0,1,1,2,1,0,1,456.435492120366,1.0,21:07:00,147,20:21:01
4120,0,0,2,1,0,0,0,271.65108894361583,1.0,20:20:00,147,19:02:16
4121,0,1,1,0,0,1,0,1378.9838893882584,1.0,18:27:00,147,18:10:01
4122,0,0,1,0,1,1,1,424.6967827912557,1.0,20:38:00,147,18:17:55
4123,1,2,0,2,1,0,0,2707.1595199282124,1.0,12:13:00,147,18:46:01
4124,0,0,0,2,0,0,2,707.4413771377318,1.0,14:05:00,147,20:58:00
4125,1,2,1,2,1,1,2,1367.6565186602118,1.0,00:39:00,147,19:00:50
4128,1,1,2,0,0,0,2,686.0010111324802,1.0,22:21:00,147,19:16:01
4129,1,2,0,1,0,1,0,284.3693366766292,1.0,00:12:00,147,19:59:36
4130,1,2,1,2,1,0,2,1158.743116675975,1.0,23:09:00,147,20:46:53
4131,1,0,1,1,1,1,2,2.424073709575488,1.0,23:29:00,147,18:42:01
4135,0,2,1,0,1,0,2,135.7114585670484,1.0,20:35:00,147,19:33:26
4141,0,1,1,1,0,1,0,1018.5171987039313,1.0,15:34:00,147,20:14:00
4150,1,2,0,2,0,1,0,107.67641733898049,1.0,02:45:00,147,19:05:49
4151,1,0,0,1,0,0,2,69.95198698636469,1.0,19:39:00,147,19:36:20
4155,0,1,1,1,0,0,0,1331.239874306264,1.0,19:36:00,148,19:36:04
4191,1,2,1,0,0,1,0,610.8587291953777,1.0,00:14:00,152,15:57:27
4228,0,0,1,1,1,1,1,623.5330932829319,1.0,03:45:00,152,18:42:01
4234,0,2,0,0,1,0,1,189.02472229927918,1.0,22:03:00,153,21:57:09
4235,1,2,0,2,0,1,0,285.091072125649,1.0,20:40:00,153,20:33:55
4239,0,0,2,0,0,1,0,988.2409288298863,1.0,20:52:00,153,20:47:19
4240,1,1,2,0,1,0,1,838.3176307121477,1.0,19:07:00,153,19:07:01
4245,1,0,1,1,1,1,0,946.1897336927033,1.0,19:19:00,153,18:35:21
4252,0,1,2,2,0,0,0,593.1006895639238,1.0,19:40:00,153,19:38:01
4253,1,2,0,2,1,1,0,400.6395282793022,1.0,17:26:00,154,17:13:08
4255,1,0,2,2,0,0,2,492.54326993320745,1.0,20:25:00,154,18:00:43
4284,0,2,2,2,1,1,2,678.9585956399939,1.0,09:30:00,154,09:13:29
4293,0,0,2,0,0,1,1,2156.206591873297,1.0,10:43:00,154,10:13:06
4313,0,1,2,1,0,0,1,1414.4431457889382,1.0,09:10:00,154,09:09:54
4337,1,2,2,1,1,0,1,1628.111743264764,1.0,15:52:00,154,15:52:33
4346,0,1,1,2,1,0,0,861.973248047329,1.0,21:33:00,155,19:52:12
4352,0,1,0,0,1,1,0,805.4328292689596,1.0,11:52:00,155,11:22:32
4353,1,2,1,2,1,0,1,837.9734791683322,1.0,19:11:00,155,13:24:08
4354,0,0,2,1,1,1,1,464.8911654444163,1.0,16:54:00,155,16:39:31
4388,0,2,1,2,1,1,0,2393.140289707513,1.0,01:48:00,test3,19:55:04
4389,1,0,2,1,1,1,2,519.0211791525078,1.0,20:47:00,test3,18:57:02
4390,1,0,2,1,0,0,0,637.6562010072298,1.0,20:04:00,test3,20:04:17
4391,0,0,0,2,0,0,0,859.9389053833992,1.0,11:06:00,test3,20:55:17
4392,0,2,1,2,0,0,0,990.400577357727,1.0,20:32:00,test3,19:18:39
4393,0,1,2,1,0,1,0,1192.4650521008452,1.0,19:18:00,test3,19:18:38
4396,0,1,1,2,1,1,2,288.7813568974712,1.0,10:42:00,test3,19:17:54
4404,1,2,0,1,1,1,1,520.0420218835791,1.0,21:12:00,157,17:12:30
4405,0,1,0,1,0,0,0,773.1547957723758,1.0,12:55:00,157,11:29:14
4407,0,1,1,2,0,1,2,133.54614250679438,1.0,10:05:00,157,21:00:00
4410,0,1,0,1,1,0,1,230.8287449786246,1.0,17:13:00,157,16:52:59
4424,0,1,1,1,0,1,0,1653.443446716509,1.0,13:16:00,157,19:45:54
4438,1,2,2,1,0,0,2,177.28147167987115,1.0,20:27:00,164,20:27:01
4439,0,0,0,1,0,0,2,477.63321128190256,1.0,20:54:00,164,20:54:01
4440,1,0,1,2,1,1,2,864.2486338283838,1.0,18:28:00,164,18:26:00
4460,0,0,0,0,1,1,1,1430.3883981338806,1.0,22:07:00,165,13:51:51
4473,1,0,0,1,0,1,1,177.94483101299994,1.0,16:46:00,168,16:10:01
4474,1,0,0,1,0,1,1,842.146006767121,1.0,23:49:00,168,20:36:08
4475,1,0,0,2,0,0,2,1451.6234791256545,1.0,22:57:00,168,20:15:01
4476,1,2,0,0,1,1,2,1436.2870279345057,1.0,18:28:00,168,18:15:37
4477,0,2,1,0,0,1,1,1728.7708716812615,1.0,19:42:00,168,19:23:14
4478,0,1,1,1,0,0,0,968.4636851186017,1.0,19:41:00,168,19:20:54
4516,1,1,2,0,1,1,2,189.15134307796075,1.0,13:11:00,172,13:11:27
4517,1,1,2,2,1,1,1,1625.6168178481464,1.0,18:54:00,172,18:54:19
4518,0,0,2,2,1,1,1,1227.0703243153685,1.0,09:17:00,172,09:13:29
4519,1,2,2,2,0,1,1,1979.682557005375,1.0,14:03:00,172,13:14:14
4521,1,1,0,1,1,1,2,1791.363904590012,1.0,10:08:00,172,09:02:12
4522,1,2,1,0,1,1,1,739.7546118195978,1.0,13:14:00,172,13:14:14
4523,0,2,2,2,0,1,1,113.4804646764678,1.0,17:43:00,172,17:26:16
4524,1,2,1,1,0,1,0,790.6643353820622,1.0,09:09:00,172,09:08:24
4525,1,2,1,0,0,1,2,140.92021727111162,1.0,15:26:00,172,13:20:29
4529,0,0,2,2,1,1,1,116.18121615472349,1.0,19:21:00,172,17:35:55
4537,0,0,1,2,0,0,0,1238.1834431289512,1.0,20:07:00,172,20:07:47
4543,0,0,2,0,0,1,0,156.08529324738726,1.0,23:21:00,172,17:27:48
4545,0,2,2,0,0,1,0,1023.560387104926,1.0,17:03:00,172,13:24:52
4553,1,2,1,1,1,1,1,124.17908296793007,1.0,09:08:00,172,09:03:42
4555,1,1,1,0,0,1,0,458.21814316722464,1.0,17:27:00,172,17:27:47
4557,0,1,1,2,1,1,2,688.2958692622033,1.0,13:18:00,172,13:18:28
4558,0,0,1,2,1,0,1,795.9177917835347,1.0,17:30:00,172,17:30:30
4561,0,2,0,2,1,0,2,2011.795026752393,1.0,21:10:00,172,20:51:22
4563,0,0,1,0,0,0,0,508.0668217004212,1.0,20:16:00,172,20:15:03
4565,0,1,0,0,0,1,2,25.35389384816681,1.0,13:27:00,172,13:17:44
4569,0,1,0,2,1,1,2,1453.206201388603,1.0,17:47:00,172,17:47:17
4651,1,1,0,0,1,0,1,237.09499125121368,1.0,15:35:00,178,15:31:30
4652,1,2,1,2,0,0,2,734.6268456019275,1.0,23:08:00,178,22:45:36
4681,0,2,1,1,0,1,0,601.2434113289859,1.0,17:09:00,180,17:09:30
4707,0,0,0,2,1,0,2,164.17293099052495,1.0,17:54:00,180,17:36:16
4719,1,2,2,2,1,1,2,57.93064728968493,1.0,18:37:00,180,18:33:21
4798,1,2,2,0,1,1,2,305.93502772567416,1.0,16:38:00,181,16:03:22
4800,0,1,1,0,0,1,1,1050.2535694860235,1.0,22:43:00,181,22:21:30
4805,0,2,0,1,1,1,2,952.1464591975702,1.0,12:09:00,181,11:27:02
4816,1,1,0,2,0,0,1,2256.754793970013,1.0,20:49:00,test4,20:49:42
4831,1,0,1,0,1,0,1,423.7018352698201,1.0,21:23:00,182,20:10:23
4832,1,1,2,1,0,0,0,1417.659723484342,1.0,22:55:00,182,20:34:38
4844,0,0,2,0,0,0,0,358.4121915802358,1.0,20:33:00,182,20:32:52
4848,1,0,1,2,1,0,1,831.6975170954956,1.0,20:59:00,184,19:50:28
4862,0,0,0,1,0,0,0,447.40914217951376,1.0,20:25:00,184,19:59:28
4873,0,1,1,0,1,1,0,1236.1518977084565,1.0,17:44:00,185,17:36:01
4883,0,2,1,0,1,0,0,786.1740924423912,1.0,18:54:00,186,18:54:01
4892,0,2,2,2,0,0,1,1106.1750484923168,1.0,18:46:00,186,18:07:42
4894,0,2,0,2,1,0,2,191.63499173815185,1.0,20:06:00,186,20:03:01
4895,1,1,0,1,1,1,1,576.419020365051,1.0,19:50:00,186,19:49:05
4896,0,0,1,2,0,0,1,1350.259030215363,1.0,18:31:00,186,18:16:37
4900,1,1,2,1,1,0,1,105.33745495060793,1.0,19:45:00,187,19:38:35
4902,1,0,0,0,0,1,2,934.029461236394,1.0,23:16:00,187,19:27:14
4904,1,0,0,1,0,1,1,688.4516298842474,1.0,18:11:00,187,18:10:20
4906,1,1,2,1,1,1,2,726.1954838319036,1.0,20:33:00,187,18:19:17
4913,1,0,0,1,1,0,1,1719.9411283131979,1.0,18:53:00,187,18:51:55
5034,1,2,0,0,1,1,1,52.5255166286907,1.0,19:25:00,189,19:23:50
5048,1,1,1,1,0,1,2,540.2164724015572,1.0,19:15:00,189,19:15:25
5049,1,1,1,2,1,1,2,262.1135110721119,1.0,19:05:00,189,18:59:25
5065,1,2,0,2,1,1,1,764.1917372608368,1.0,21:49:00,190,18:42:48
5066,0,1,0,0,0,0,2,322.2702815276268,1.0,19:33:00,190,19:01:15
5067,1,0,0,2,0,1,2,1449.3160303151071,1.0,23:42:00,190,20:40:10
5068,0,0,0,2,0,0,0,1518.0803688144103,1.0,23:10:00,190,20:12:29
5070,0,1,1,1,1,1,2,201.3996758321259,1.0,22:27:00,190,19:11:16
5072,0,2,1,1,1,0,1,274.20470984611734,1.0,22:39:00,190,18:16:07
5100,0,2,0,2,1,1,0,207.71863184532899,1.0,10:48:00,190,19:49:04
5156,1,2,0,0,0,0,2,1091.867619456229,1.0,21:35:00,195,21:33:00
5158,0,2,1,2,0,0,1,598.352941808891,1.0,17:55:00,195,17:16:01
5162,0,2,1,2,1,1,2,593.6675192878113,1.0,20:43:00,195,20:43:01
5163,1,0,0,0,1,0,0,364.1835661435042,1.0,21:39:00,195,21:39:07
5165,0,1,1,0,0,1,1,403.51413588658914,1.0,18:37:00,195,18:37:01
5168,1,0,2,2,1,0,2,252.92255713671642,1.0,18:54:00,195,18:11:01
5192,1,2,2,1,1,1,1,223.6695769600597,1.0,23:40:00,195,20:12:01
5193,1,0,2,1,1,1,2,351.67071710762,1.0,20:16:00,195,20:16:02
5203,0,1,1,2,1,0,1,402.9634323630297,1.0,20:41:00,196,19:31:13
5235,0,1,2,2,1,0,1,783.8502916173986,1.0,22:19:00,196,20:36:59
5313,0,0,1,0,0,0,1,473.3007681536717,1.0,21:27:00,196,20:21:00
5346,1,0,1,2,0,0,2,112.2382950140072,1.0,22:52:00,test5,19:38:30
5351,0,1,0,0,0,1,1,52.914877886382726,1.0,20:45:00,197,20:45:27
5352,1,0,0,0,0,0,0,405.65241917132346,1.0,21:39:00,test6,20:58:53
5354,1,0,0,0,1,0,1,1318.5362784148974,1.0,20:27:00,test6,20:07:48
5355,0,2,1,2,0,1,1,851.6978637966754,1.0,15:34:00,test6,18:33:56
5358,0,1,0,1,0,1,1,1083.0993915073302,1.0,22:40:00,test6,20:51:04
5367,0,1,0,0,0,1,1,721.0975354275446,1.0,21:14:00,200,19:34:37
5389,0,0,2,2,0,1,1,959.316086754744,1.0,17:40:00,203,17:33:15
5425,1,1,0,1,0,1,2,216.32483525594785,1.0,16:01:00,203,12:22:33
4677,0,1,2,1,1,1,1,172.72542254657267,0.0,0,180,19:15:20
4058,0,0,1,0,0,1,1,514.7113609862668,0.0,0,146,09:48:30
2678,1,0,0,2,0,1,0,236.04913415525863,0.0,0,88,19:19:01
1077,0,2,1,2,0,1,2,499.6164685763458,0.0,0,36,20:27:38
2006,0,1,0,0,0,1,1,26.14389794094389,0.0,0,66,20:48:39
5171,0,0,1,2,0,1,2,979.7824181858856,0.0,0,195,20:55:02
4443,1,1,2,2,1,1,0,519.1110260367549,0.0,0,164,18:30:13
2715,1,2,2,1,1,0,0,263.31281898682806,0.0,0,91,14:09:27
5275,0,0,0,0,0,1,0,71.12641154634895,0.0,0,196,20:32:00
1101,1,2,0,0,1,1,2,324.8861673058866,0.0,0,test1,09:06:27
4826,0,0,0,0,1,1,2,293.8427242128674,0.0,0,test4,19:50:54
2518,1,0,2,2,1,0,0,990.7405058458156,0.0,0,77,20:47:23
2816,1,1,2,0,1,1,2,685.8762877033064,0.0,0,96,18:48:01
1836,1,0,2,0,0,1,0,776.5901680513126,0.0,0,62,21:48:24
4308,1,1,2,0,0,0,2,343.5451509235731,0.0,0,154,20:56:06
1402,1,2,1,1,0,1,0,1325.388290824574,0.0,0,45,18:01:01
3141,1,0,2,2,1,0,0,925.8107926544864,0.0,0,107,21:23:19
2707,0,2,2,1,1,1,0,157.67284966622637,0.0,0,89,18:36:01
5356,0,0,0,2,1,1,2,959.0049601236767,0.0,0,test6,20:07:59
1482,1,0,1,2,0,0,1,1814.281378437238,0.0,0,47,11:18:34
2059,0,1,0,2,1,0,0,219.6832947652629,0.0,0,68,09:20:04
1221,0,1,2,1,1,0,1,1007.5018790237928,0.0,0,40,20:47:08
2545,1,0,2,1,1,0,2,68.16368292010999,0.0,0,79,10:47:26
1017,1,1,1,2,1,0,2,1400.9127588471765,0.0,0,35,18:21:16
4811,0,1,2,2,0,1,0,946.6819069475985,0.0,0,test4,20:47:10
2428,1,2,1,2,1,0,1,194.62589432525291,0.0,0,76,18:34:00
4437,1,1,0,0,1,0,0,85.96537461490692,0.0,0,164,19:34:50
4598,1,0,2,2,0,1,0,568.0119823258053,0.0,0,172,17:51:01
1834,0,2,2,0,1,0,0,130.95200596897223,0.0,0,62,21:46:54
739,1,2,1,2,1,1,2,851.8956401969664,0.0,0,26,19:10:01
243,1,2,1,1,1,1,1,1265.373307790054,0.0,0,11,19:58:05
2957,0,2,2,2,1,0,2,429.6863281237235,0.0,0,103,19:52:24
2930,0,1,1,1,0,1,2,893.3980336718097,0.0,0,101,19:20:49
4065,1,2,2,0,0,0,1,633.0441328673134,0.0,0,146,20:22:44
2044,0,0,2,1,0,1,0,1138.1843524012186,0.0,0,66,20:22:26
5290,1,2,1,2,1,0,0,1604.5331611861056,0.0,0,196,18:32:25
2881,0,1,2,1,0,1,2,301.501024248936,0.0,0,101,19:14:54
3674,0,0,0,1,1,0,2,1644.6340973320896,0.0,0,124,19:30:09
2088,1,0,2,0,0,0,2,1585.8628200106946,0.0,0,69,20:19:51
3594,1,2,2,2,1,1,2,861.7325236303923,0.0,0,122,20:50:33
4806,1,2,1,2,0,0,1,389.75369672782267,0.0,0,181,09:55:02
259,0,0,1,0,1,0,1,469.53809376394037,0.0,0,12,19:36:35
3865,1,1,0,2,1,1,2,1227.8150234604934,0.0,0,134,19:38:21
566,1,2,0,2,1,0,0,1467.352265273147,0.0,0,20,00:50:20
4568,1,1,1,0,1,0,2,511.95037606665113,0.0,0,172,13:14:16
1431,0,1,0,1,1,1,2,1755.7925445550022,0.0,0,47,20:32:15
92,0,2,1,0,1,0,1,1445.0969860979926,0.0,0,10,20:42:05
4469,1,1,1,0,1,1,2,360.6101246930069,0.0,0,165,22:58:17
4986,0,1,0,0,0,0,1,603.0459643039723,0.0,0,188,18:47:12
3534,0,2,2,0,1,1,2,1034.063758386599,0.0,0,119,19:56:08
1878,0,0,2,1,0,1,1,761.3394910988312,0.0,0,62,11:03:05
2987,0,2,1,1,1,1,0,1265.7365658640665,0.0,0,103,19:59:36
809,1,0,0,1,1,1,2,1596.463792313668,0.0,0,26,19:09:01
2437,0,1,1,2,1,1,2,938.7798368517861,0.0,0,76,18:01:35
4263,1,1,1,1,0,1,0,1173.8458470806975,0.0,0,154,20:44:41
898,0,2,1,1,1,1,1,1238.3802024458917,0.0,0,30,18:13:58
2431,0,2,2,2,0,1,1,704.9405294538077,0.0,0,76,20:00:01
2312,1,2,2,0,1,0,0,884.9424757379567,0.0,0,74,20:21:15
3327,0,0,2,1,0,0,0,437.54234405510437,0.0,0,115,20:24:00
863,1,1,1,1,1,0,2,305.82861850932863,0.0,0,30,20:38:56
3991,1,2,1,2,1,0,0,572.8731009549006,0.0,0,143,18:46:39
37,1,2,0,1,0,0,0,367.27462304399256,0.0,0,8,19:09:01
1821,0,1,0,1,0,1,1,1281.9867530342376,0.0,0,61,20:07:51
3955,0,2,1,2,1,1,1,685.3178267774506,0.0,0,141,13:25:28
2716,1,1,2,0,1,1,0,539.5745450185153,0.0,0,91,13:10:10
4989,0,2,0,1,1,0,0,361.6981026736689,0.0,0,188,19:43:25
1826,0,2,0,1,0,1,1,962.3595529947254,0.0,0,61,18:48:01
3160,0,2,1,0,0,1,2,968.4872479636866,0.0,0,108,12:02:43
440,0,2,1,2,0,1,1,954.4077242485304,0.0,0,18,20:56:45
1300,1,0,2,0,0,1,2,591.8444931355592,0.0,0,45,20:53:00
2642,0,1,0,0,0,1,2,1039.0407569073886,0.0,0,88,19:00:59
3619,1,2,2,1,1,0,2,699.3683584930333,0.0,0,123,18:31:22
2202,0,1,0,1,1,1,0,83.61304328527407,0.0,0,72,18:19:16
3062,1,1,1,2,0,1,2,412.7448105079014,0.0,0,103,18:04:01
4406,1,0,0,2,1,0,0,497.5403593355484,0.0,0,157,18:05:45
2586,1,1,2,0,0,0,1,570.2829422051676,0.0,0,85,18:06:31
3983,1,0,1,2,0,0,0,1214.0257732021546,0.0,0,143,19:33:05
5284,1,1,2,0,1,0,0,318.65176211430287,0.0,0,196,18:34:44
3885,0,1,1,0,1,1,2,150.21673248005447,0.0,0,135,19:08:36
5010,1,0,2,1,0,1,0,364.82147969179937,0.0,0,188,19:38:10
1363,1,2,0,1,1,1,2,1486.1111908679493,0.0,0,45,18:03:01
2830,1,1,1,0,1,1,1,729.0887291917646,0.0,0,98,20:25:00
4464,1,2,2,2,1,0,0,906.723150257043,0.0,0,165,13:01:31
3159,0,0,1,0,0,1,1,1965.5147040156432,0.0,0,108,18:12:28
3448,1,0,1,2,1,1,2,1432.4415932330667,0.0,0,118,18:41:49
2170,1,0,1,2,0,1,1,368.12081791636734,0.0,0,72,19:27:09
4314,0,0,1,2,0,0,2,169.1304814183493,0.0,0,154,14:10:06
647,0,0,1,0,1,0,2,230.6852563072031,0.0,0,22,20:38:38
157,1,2,0,1,0,1,2,825.6675591926178,0.0,0,11,19:31:59
4538,1,0,2,0,0,1,0,661.2884030575076,0.0,0,172,10:18:37
3808,1,2,0,2,1,1,2,1663.3240138849462,0.0,0,132,20:02:54
5436,1,0,0,0,0,1,1,7.738639630005277,0.0,0,203,11:06:46
882,0,2,0,1,1,0,2,516.4138225603251,0.0,0,30,02:48:30
1941,1,1,0,0,0,0,1,549.6413697734572,0.0,0,66,18:21:55
336,0,0,0,0,1,0,2,745.4436151760024,0.0,0,17,10:46:40
4316,1,2,1,0,0,0,2,278.27858283321234,0.0,0,154,09:14:24
3185,1,2,1,1,1,1,2,900.4442959276236,0.0,0,108,13:16:10
447,1,2,1,1,1,1,0,337.1838068424953,0.0,0,18,20:13:03
1154,1,2,2,1,0,0,2,549.4239948506465,0.0,0,40,20:13:39
4789,0,0,0,0,1,1,1,2400.6577828686222,0.0,0,180,17:42:22
1084,0,0,1,2,0,1,0,376.50391484436926,0.0,0,36,19:53:10
1181,1,1,0,0,0,0,2,611.705905558059,0.0,0,40,18:12:25
2478,1,1,1,1,0,0,2,31.670990726791825,0.0,0,77,20:16:17
3602,0,1,1,1,0,1,2,485.9363946760674,0.0,0,123,18:50:37
919,1,0,1,2,0,0,2,1361.5534470236607,0.0,0,30,19:12:28
340,1,2,2,2,1,1,0,492.3167405300947,0.0,0,17,09:11:14
1337,1,1,1,0,1,0,2,1020.3268158573134,0.0,0,45,19:30:20
2991,1,1,0,2,0,0,0,733.1486638110105,0.0,0,103,20:19:20
1438,1,2,1,1,1,0,2,1518.7679662132266,0.0,0,47,10:54:39
278,1,1,0,0,1,1,1,1432.1612093619449,0.0,0,12,19:45:30
2506,1,2,0,1,0,0,2,305.1300099122222,0.0,0,77,18:43:37
2448,0,1,2,1,0,0,1,1826.112364431766,0.0,0,76,20:58:10
4999,1,2,0,1,0,0,1,2135.0333808361406,0.0,0,188,19:17:30
770,0,0,1,0,1,1,0,305.320078264107,0.0,0,26,18:00:01
1807,1,0,2,0,1,1,1,413.92095377687554,0.0,0,60,19:42:39
1835,1,0,2,2,1,0,0,706.868671639261,0.0,0,62,11:53:56
2626,1,1,2,0,0,0,0,163.2335984148666,0.0,0,87,19:59:56
2954,1,0,0,0,0,1,0,639.214579155049,0.0,0,103,18:12:16
1453,0,2,0,1,1,1,2,630.970207577215,0.0,0,47,17:40:20
975,0,0,1,2,1,0,0,907.4289978430644,0.0,0,32,20:45:01
1335,1,2,2,2,0,0,1,483.70147656502434,0.0,0,45,20:49:03
843,1,0,1,0,1,1,2,363.6276736461711,0.0,0,29,19:17:01
5340,1,1,0,1,0,0,1,714.2426403697908,0.0,0,test5,18:25:15
4171,0,2,2,2,1,0,1,373.19885310133935,0.0,0,149,20:58:47
4159,1,1,0,2,1,1,1,904.9499928492123,0.0,0,149,20:15:24
4282,0,2,1,1,1,1,1,168.46729438887868,0.0,0,154,20:08:51
5359,0,2,1,1,0,0,2,249.8673183015892,0.0,0,test6,19:28:42
1145,0,1,2,1,1,1,0,232.74528783592697,0.0,0,39,17:05:04
1518,0,2,0,1,1,1,2,1160.1351384916327,0.0,0,50,19:51:44
1165,1,2,0,0,0,0,1,1118.650248121093,0.0,0,40,20:26:21
2684,1,0,2,2,0,1,1,530.6660178111051,0.0,0,89,18:37:01
878,0,1,1,0,0,1,2,1003.1131096975148,0.0,0,30,03:48:22
274,1,1,1,1,0,1,0,373.5254800002444,0.0,0,12,20:33:44
1932,1,2,1,2,0,0,2,1955.189146878182,0.0,0,66,19:40:01
1793,1,0,2,2,0,1,0,76.79822199668006,0.0,0,60,19:24:01
4049,1,0,2,2,1,0,1,48.35787325102592,0.0,0,146,15:31:10
239,0,1,0,0,0,1,1,2264.146919108893,0.0,0,11,18:06:13
242,1,1,2,2,1,1,2,426.87703371694124,0.0,0,11,20:32:23
3569,0,2,2,1,1,0,2,533.2079961835399,0.0,0,122,18:16:55
4882,0,1,2,0,1,0,2,1781.1020404037945,0.0,0,185,17:34:54
2755,1,2,0,2,1,0,2,417.042107953534,0.0,0,93,15:23:53
2106,0,2,0,1,1,1,0,812.7494101211772,0.0,0,72,18:31:41
1540,0,1,0,1,0,0,2,3141.839594531093,0.0,0,52,22:29:45
1435,0,1,2,2,0,1,0,995.64774520552,0.0,0,47,14:28:25
2645,0,1,0,2,1,1,1,475.34075171200135,0.0,0,88,20:41:02
1522,0,0,1,1,0,1,2,1167.13779989039,0.0,0,50,19:37:34
3900,0,1,0,2,1,1,2,629.685005453039,0.0,0,137,20:44:28
4298,1,1,1,2,0,1,1,870.8659152385923,0.0,0,154,20:32:45
5423,1,0,0,0,0,1,0,978.2599730133239,0.0,0,203,17:43:18
3765,1,1,1,2,0,1,0,786.9405644573102,0.0,0,129,18:51:51
4026,0,1,2,0,1,1,1,1480.5511821759821,0.0,0,146,20:38:12
4247,0,0,2,0,1,1,1,429.18831120525056,0.0,0,153,19:06:37
5365,1,0,2,1,1,0,0,1396.6715657845627,0.0,0,200,19:59:34
3541,0,2,0,0,0,0,2,692.5513853001355,0.0,0,119,20:01:39
2743,1,2,2,1,1,1,1,295.931951017003,0.0,0,91,18:44:19
1503,1,1,2,1,0,1,0,2410.368838528132,0.0,0,48,10:55:50
1039,0,2,0,2,1,1,2,713.8160000750715,0.0,0,36,20:59:17
4842,1,0,2,1,0,1,2,925.9621818512137,0.0,0,182,18:13:02
2067,0,2,2,0,1,0,1,2474.609717757605,0.0,0,68,18:02:19
1429,1,0,1,1,1,0,1,1098.29134600031,0.0,0,47,18:00:58
5001,0,0,1,1,1,1,2,215.46487121401336,0.0,0,188,18:54:02
3499,1,0,0,1,1,1,0,300.2802123324041,0.0,0,118,18:34:31
1470,1,0,2,2,0,0,1,1904.881531572576,0.0,0,47,14:14:37
2326,0,0,2,0,1,1,0,1339.0609792181267,0.0,0,74,19:27:22
1163,1,1,0,2,0,1,0,775.3810104099992,0.0,0,40,19:52:32
4897,0,0,0,1,1,1,2,528.4996229779697,0.0,0,186,18:23:22
3589,1,2,2,0,1,0,1,732.8790688890953,0.0,0,122,20:17:11
1107,1,1,2,0,0,1,0,431.5263617557911,0.0,0,test1,16:40:19
926,1,0,1,2,0,0,0,82.44390958831791,0.0,0,30,19:04:53
4002,0,0,2,0,0,1,2,314.74034864705766,0.0,0,144,18:02:32
1014,1,2,1,1,0,1,1,538.8941435089492,0.0,0,34,20:38:52
5223,1,0,2,2,0,0,2,93.3989923586632,0.0,0,196,18:59:02
688,0,1,2,2,1,0,2,8.21923211488085,0.0,0,24,19:19:25
4411,0,0,1,2,1,1,2,1287.3306019228426,0.0,0,157,19:40:36
4715,0,2,0,1,1,0,0,310.3453156689447,0.0,0,180,18:07:15
636,0,1,2,1,0,0,2,423.02118280001196,0.0,0,22,19:38:58
1902,1,2,0,0,0,0,1,1198.09393934859,0.0,0,63,18:33:43
1838,1,1,1,0,0,0,2,412.0235146632075,0.0,0,62,09:48:57
4243,0,0,2,1,1,0,1,1693.3328000863526,0.0,0,153,20:10:38
1087,1,1,1,1,1,0,1,877.4176138810051,0.0,0,36,20:33:36
3557,0,0,2,1,1,0,1,635.0343259645855,0.0,0,122,20:17:19
54,1,2,1,0,0,0,0,63.25481751025447,0.0,0,8,19:01:21
3851,0,0,0,1,1,1,2,204.02240302167172,0.0,0,134,20:52:31
2009,1,0,2,2,0,1,2,1255.62836491741,0.0,0,66,18:22:01
2763,0,1,1,0,1,0,0,679.1014673779982,0.0,0,93,18:24:29
3769,1,1,1,0,0,1,0,1303.213920705696,0.0,0,129,18:25:46
2365,1,2,0,0,0,0,2,321.80687106623583,0.0,0,76,19:18:08
5057,0,0,0,0,0,0,1,392.4628368877157,0.0,0,189,20:34:13
4063,0,2,0,2,0,1,2,828.1626572293196,0.0,0,146,16:59:50
217,1,2,1,1,1,0,2,1109.869311867678,0.0,0,11,20:19:20
4190,0,2,1,1,0,1,0,55.94511914247246,0.0,0,149,20:26:38
3006,1,1,2,0,1,0,1,839.8585009870537,0.0,0,103,19:02:35
4106,0,2,2,2,1,0,0,1295.6508811088613,0.0,0,146,17:28:40
153,1,1,0,1,1,0,2,1568.2604856336068,0.0,0,11,20:36:30
132,1,0,2,2,0,1,1,802.7181330410882,0.0,0,11,18:55:02
1128,0,2,0,1,1,0,1,892.0967421337732,0.0,0,38,20:43:25
3494,0,2,0,1,1,0,0,2158.4866697387874,0.0,0,118,18:05:27
3047,0,0,2,0,0,0,1,369.5532329431903,0.0,0,103,18:16:20
1219,1,2,2,0,1,1,1,478.5278610524624,0.0,0,40,19:37:13
2194,0,0,2,1,1,0,2,448.297720056668,0.0,0,72,19:58:21
4095,1,1,1,0,1,1,2,946.4834567717247,0.0,0,146,16:44:59
589,1,2,1,0,1,1,0,202.50357132844258,0.0,0,21,18:03:47
3372,0,0,2,1,0,0,2,56.65018040793883,0.0,0,115,18:54:01
3438,0,2,0,1,0,1,0,345.718293024373,0.0,0,118,19:35:16
787,0,2,1,0,1,0,0,666.7982962273502,0.0,0,26,20:38:00
5398,1,1,1,1,0,0,2,436.2663841514115,0.0,0,203,17:56:30
4334,1,2,2,2,1,0,2,1509.7025774742187,0.0,0,154,16:34:05
1462,1,0,1,1,0,1,1,1704.2154423288955,0.0,0,47,12:21:10
4289,1,1,2,0,1,0,2,77.89873888829882,0.0,0,154,09:12:31
3823,0,2,0,2,0,0,2,833.8261518107397,0.0,0,132,18:38:32
4920,0,0,2,0,1,0,2,3036.3819840305846,0.0,0,188,20:23:37
4323,0,2,2,1,0,0,2,245.5540160697084,0.0,0,154,15:53:45
3395,0,1,0,1,1,1,0,55.60474903928382,0.0,0,115,20:02:25
2321,1,1,2,0,1,1,2,1216.3510970131356,0.0,0,74,19:34:06
2599,0,0,2,2,1,0,2,184.45087697274158,0.0,0,86,18:04:00
5361,1,0,0,2,0,0,0,1819.9698551214635,0.0,0,test6,19:47:47
503,1,1,2,0,1,0,2,949.0056506218448,0.0,0,20,18:57:12
1698,0,2,2,0,1,1,1,400.77097958532516,0.0,0,57,19:32:03
302,0,1,2,1,0,1,2,2135.01759525862,0.0,0,14,19:57:05
5309,0,2,2,2,1,1,2,39.705026777201,0.0,0,196,18:38:13
4802,0,2,0,1,0,0,2,725.3455361568347,0.0,0,181,12:46:05
241,0,0,1,0,1,1,1,131.49884313846215,0.0,0,11,18:22:56
3605,0,1,0,2,1,1,0,197.5988646024017,0.0,0,123,20:55:53
1798,1,2,1,1,0,1,2,370.5966488828137,0.0,0,60,20:59:16
5075,0,2,2,1,0,0,2,54.78879995276742,0.0,0,190,20:22:58
133,0,1,2,0,0,1,2,216.31759512505226,0.0,0,11,20:52:45
3325,0,0,1,1,0,0,0,831.8667860233795,0.0,0,115,20:17:48
2693,1,1,2,1,1,1,1,927.7848040398636,0.0,0,89,18:27:30
146,0,0,0,1,1,0,1,684.9634279467708,0.0,0,11,20:02:05
3845,1,1,2,1,0,1,1,409.6543179843049,0.0,0,134,20:45:29
1565,1,2,2,1,1,0,2,1042.992374123114,0.0,0,53,10:04:57
1880,0,1,0,0,0,0,1,1016.3691770199373,0.0,0,62,22:36:12
1327,0,0,2,2,0,0,1,83.1920702417106,0.0,0,45,18:44:00
3004,0,1,2,0,0,1,0,974.8175128655972,0.0,0,103,19:27:35
2749,1,0,0,1,0,1,0,411.1309797420643,0.0,0,91,19:50:28
3076,1,2,2,1,1,1,1,352.39722383303734,0.0,0,103,19:15:33
1148,1,0,1,0,0,0,1,280.16082012719613,0.0,0,39,15:18:11
91,0,2,0,1,0,0,1,759.7396591330329,0.0,0,10,20:22:06
5384,0,2,2,2,1,1,1,1488.2231256500604,0.0,0,200,13:17:21
1377,1,1,1,0,1,0,0,1514.9555774880796,0.0,0,45,19:55:01
1316,0,1,1,0,1,0,0,1202.3868105979466,0.0,0,45,18:16:01
3436,1,2,0,2,0,1,2,1107.3308468431903,0.0,0,118,19:46:59
1567,0,0,2,1,0,1,2,346.80293731749975,0.0,0,53,10:29:50
2203,1,1,1,0,1,0,2,37.43746913432764,0.0,0,72,18:37:02
1847,1,0,2,0,0,0,2,131.72468930616142,0.0,0,62,15:15:15
2839,0,0,1,2,1,0,2,494.87057523242316,0.0,0,98,20:28:00
1032,1,1,1,2,0,1,2,997.1203341792836,0.0,0,36,20:35:46
355,1,2,2,1,1,1,0,1365.7832979952668,0.0,0,17,18:11:39
4991,1,1,0,0,1,0,1,277.5360674992014,0.0,0,188,20:43:27
4142,1,2,2,1,1,1,1,294.35698256448603,0.0,0,147,19:40:18
3819,1,2,1,0,0,1,2,698.4952431013147,0.0,0,132,18:11:12
5039,0,1,2,0,0,0,0,442.3494546309064,0.0,0,189,20:50:12
3738,1,1,1,2,1,1,0,166.1802598988919,0.0,0,126,13:45:01
2867,0,1,2,1,1,0,2,410.9970162594874,0.0,0,99,18:05:31
4972,1,0,1,2,1,1,2,123.40753923749487,0.0,0,188,20:06:25
5209,0,2,1,2,1,1,2,911.1444757309897,0.0,0,196,19:06:12
2868,0,2,2,0,0,1,2,34.084951467755616,0.0,0,99,20:47:50
902,1,2,0,0,1,0,2,1302.9501790786526,0.0,0,30,20:25:08
4720,1,1,1,0,0,1,1,1214.040543920699,0.0,0,180,19:54:15
5031,1,0,0,2,1,1,2,966.2907277644887,0.0,0,189,19:20:07
1630,0,1,2,2,1,0,2,1377.8195756891805,0.0,0,test2,19:47:20
3230,1,1,1,2,0,0,0,367.7792625946115,0.0,0,112,20:36:13
4766,1,2,0,1,1,1,1,264.8584698130079,0.0,0,180,17:10:22
2788,0,1,1,1,1,0,1,192.3500262705496,0.0,0,93,15:56:02
3597,1,0,2,2,0,0,2,129.5937063324277,0.0,0,122,19:51:46
2226,0,2,1,2,1,0,1,881.0816272822021,0.0,0,72,20:54:34
2907,1,1,1,2,1,1,2,534.3675020758574,0.0,0,101,18:28:04
5335,0,2,1,1,0,1,2,731.5411074854318,0.0,0,test5,20:53:07
1050,0,1,2,1,1,1,1,597.1219938514703,0.0,0,36,20:33:20
4268,1,0,1,2,0,0,0,424.02255176565114,0.0,0,154,19:19:44
4685,0,0,2,2,1,0,2,1681.1132006510354,0.0,0,180,17:01:08
716,1,0,0,1,0,0,2,778.6190617392514,0.0,0,26,20:43:01
3423,0,1,0,2,0,1,1,1575.1985335050342,0.0,0,118,20:42:05
4738,0,2,1,1,0,0,1,172.30737397876518,0.0,0,180,17:34:01
5017,1,2,2,0,1,0,2,123.63297969268316,0.0,0,188,18:18:58
989,0,1,0,1,1,1,0,707.5466509609141,0.0,0,32,20:32:20
601,1,0,2,0,1,0,2,92.59705772815079,0.0,0,21,15:36:15
1408,1,1,0,1,1,0,2,110.17834407820507,0.0,0,45,18:20:01
1976,1,1,0,1,1,0,1,587.2487992185921,0.0,0,66,18:42:44
150,0,2,2,1,1,1,0,32.897871634939136,0.0,0,11,19:34:03
1868,0,2,2,0,0,1,1,124.02273216270949,0.0,0,62,17:38:43
5051,1,0,0,1,1,1,1,534.2918698491459,0.0,0,189,20:58:32
1785,1,1,2,1,0,0,0,1204.559127758139,0.0,0,59,20:33:32
5130,0,1,1,0,0,1,1,1031.5735767553126,0.0,0,190,18:12:30
1894,1,2,0,0,0,1,2,166.85481473948903,0.0,0,63,21:21:49
2410,0,0,2,2,1,1,2,1083.795937582838,0.0,0,76,18:58:43
130,0,1,0,0,0,1,2,2406.321617773469,0.0,0,11,20:21:16
4342,0,2,2,0,1,0,1,981.8224632293918,0.0,0,154,18:37:55
5375,0,1,1,1,0,0,1,271.67723652788914,0.0,0,200,12:48:40
3578,0,2,2,1,0,1,2,88.26318866319656,0.0,0,122,18:39:27
1294,0,1,0,1,1,0,0,342.998198787263,0.0,0,45,19:10:01
3963,1,2,0,0,1,1,0,1591.9678915163877,0.0,0,141,16:00:11
4060,1,0,2,0,0,1,0,302.443486944543,0.0,0,146,16:05:02
4454,0,1,0,1,1,0,2,1548.3611322180834,0.0,0,164,19:06:01
3348,0,1,1,1,1,0,0,296.1771080196571,0.0,0,115,20:04:01
1432,1,1,1,1,1,1,0,1237.1268708063544,0.0,0,47,13:28:09
4930,0,0,2,2,1,1,2,746.8145895485907,0.0,0,188,19:31:00
3978,0,0,2,2,0,0,0,958.635563053858,0.0,0,143,18:42:16
2937,1,1,2,2,1,1,2,1116.6907817448428,0.0,0,101,19:31:01
4709,0,1,2,2,0,0,1,681.0853011438046,0.0,0,180,19:52:17
2701,1,0,2,2,1,0,2,242.2694497385777,0.0,0,89,20:37:01
4482,1,0,1,0,1,1,1,468.4326624020318,0.0,0,168,18:40:55
1890,0,0,0,2,0,0,1,88.5238930336984,0.0,0,63,13:10:12
2959,0,2,1,0,1,0,2,2009.8223588640617,0.0,0,103,19:40:50
4204,0,2,2,1,1,1,1,128.75510363192114,0.0,0,152,19:42:01
1803,1,2,2,1,0,1,0,1191.1709825700548,0.0,0,60,20:25:34
3256,0,0,2,0,0,1,2,929.759613249626,0.0,0,113,11:38:05
2973,0,1,0,1,0,1,1,1143.9651983660906,0.0,0,103,19:29:26
2796,0,2,2,1,0,0,2,12.503604632307795,0.0,0,96,19:33:56
2802,0,1,0,2,1,1,1,682.7602663441326,0.0,0,96,20:52:05
2885,0,0,2,0,1,0,0,1878.2044133072575,0.0,0,101,19:19:00
4845,0,2,1,2,0,0,0,1492.1860168216451,0.0,0,182,20:16:33
1060,1,1,1,0,0,1,1,145.4894543160472,0.0,0,36,20:06:11
1901,1,2,0,2,0,1,0,656.0635341600291,0.0,0,63,14:03:15
3394,0,1,1,1,1,1,1,994.727039940912,0.0,0,115,20:16:01
5211,1,2,1,2,0,0,0,845.3028541699748,0.0,0,196,18:54:16
3728,0,1,2,2,0,0,2,1947.3868190215667,0.0,0,126,15:25:51
423,1,2,0,2,1,0,0,1691.7877717221336,0.0,0,17,13:50:17
3456,0,2,0,0,1,0,2,196.4447101631972,0.0,0,118,18:02:54
758,0,1,2,0,0,1,1,96.3478366576026,0.0,0,26,20:47:01
3222,0,0,1,2,1,1,0,122.59312736303522,0.0,0,108,10:19:31
3073,0,2,0,0,0,0,0,1688.2657945061526,0.0,0,103,18:30:39
1029,1,2,2,2,0,0,1,614.6200737000638,0.0,0,36,18:45:09
2205,0,0,1,0,0,1,2,1178.2220043730576,0.0,0,72,19:02:02
3403,0,1,2,0,1,1,0,152.4104710723929,0.0,0,115,18:00:01
1490,0,2,1,0,0,0,0,309.19231121243547,0.0,0,47,16:14:08
862,1,1,2,2,0,0,1,1454.4338673440293,0.0,0,30,20:02:00
3504,1,1,1,2,0,1,0,216.1401970816961,0.0,0,118,21:00:23
2063,1,1,0,1,0,0,1,1789.8862071293554,0.0,0,68,13:20:11
5263,0,1,1,0,1,1,1,76.53007851320879,0.0,0,196,18:00:25
4721,0,0,2,1,0,0,0,2365.7645424499,0.0,0,180,18:59:24
5202,0,0,2,2,1,0,0,1966.411430704157,0.0,0,195,18:57:02
696,0,0,0,0,1,1,2,0.1077977107572833,0.0,0,24,21:52:52
932,0,0,0,2,0,0,0,3183.2587710091225,0.0,0,30,19:26:55
1217,1,1,1,1,1,1,0,269.10757192613806,0.0,0,40,19:42:31
3493,0,2,1,0,0,0,1,536.6769199054835,0.0,0,118,18:37:22
2585,0,1,1,0,0,0,1,567.1503082551012,0.0,0,85,20:42:39
3048,0,0,0,2,1,1,1,1367.5986556444266,0.0,0,103,20:25:09
2638,0,0,2,2,0,1,2,521.8962669739344,0.0,0,88,20:09:02
2928,0,0,1,1,0,0,1,1257.898164318198,0.0,0,101,19:16:38
481,0,2,0,1,1,0,2,415.85639462621185,0.0,0,19,18:57:01
3038,0,0,2,0,0,1,0,401.68615462350675,0.0,0,103,20:35:16
451,0,0,2,2,0,1,1,451.2815132277098,0.0,0,18,18:51:52
918,1,1,2,1,0,0,1,875.8496793325409,0.0,0,30,18:21:57
2900,1,2,0,2,0,0,2,610.3888724323649,0.0,0,101,18:55:04
564,0,0,1,0,1,1,1,469.2725881994173,0.0,0,20,23:05:57
3627,0,2,2,0,1,0,2,304.25259429257363,0.0,0,123,19:44:00
3200,0,2,2,0,0,1,1,2420.0699303288925,0.0,0,108,18:23:05
818,1,0,0,2,1,0,0,435.9280739957292,0.0,0,28,17:51:11
1385,1,2,2,0,0,1,2,199.05080096971818,0.0,0,45,17:07:01
3770,0,2,1,2,1,0,0,253.0376186232642,0.0,0,129,20:36:12
3975,1,2,2,2,0,0,1,1506.1068193305316,0.0,0,143,18:15:05
5383,0,1,2,1,1,0,0,135.3250211151074,0.0,0,200,12:25:11
5303,1,1,0,0,0,1,2,543.141851838233,0.0,0,196,18:57:06
207,1,2,2,0,1,0,2,1948.1532458186755,0.0,0,11,18:58:18
1310,0,0,1,2,1,0,1,92.63075043194915,0.0,0,45,18:55:00
588,1,1,1,1,1,1,2,706.5869413748558,0.0,0,21,16:52:22
4957,1,2,2,1,1,1,2,1194.188121101534,0.0,0,188,19:10:39
860,1,0,2,1,0,0,1,1841.9174962260647,0.0,0,30,19:03:48
2074,0,0,1,1,0,1,1,291.76759860091437,0.0,0,68,09:02:34
4660,1,1,0,0,0,1,0,1296.2712805093893,0.0,0,180,17:56:01
5276,0,1,0,1,0,0,1,830.5072482840492,0.0,0,196,19:59:07
3568,0,2,2,2,0,1,1,234.42747755031044,0.0,0,122,19:57:43
964,1,2,1,1,1,1,2,158.15273830407585,0.0,0,31,20:56:09
2153,1,2,0,1,0,1,1,592.6092062278948,0.0,0,72,18:26:06
5411,1,1,1,2,0,1,0,1259.9825569328216,0.0,0,203,16:00:42
1953,1,1,0,0,1,1,0,958.1793365759868,0.0,0,66,19:20:48
4871,0,2,1,2,0,1,1,1614.7614468682916,0.0,0,185,18:17:36
752,1,1,0,0,0,1,2,816.6081456887401,0.0,0,26,20:09:49
2984,1,0,2,2,1,1,1,641.7336585463797,0.0,0,103,20:03:35
797,1,2,1,0,1,1,2,462.928915502873,0.0,0,26,20:53:01
1196,0,1,0,2,0,1,2,752.1249640050246,0.0,0,40,18:57:12
4739,1,2,0,2,0,0,2,227.8277134313689,0.0,0,180,18:10:01
941,0,2,1,1,1,0,2,222.606634175513,0.0,0,31,19:37:23
378,1,1,2,2,0,0,1,1014.2092207867323,0.0,0,17,09:23:33
924,1,1,0,1,0,1,1,898.6305391391377,0.0,0,30,20:30:30
3496,1,2,1,1,0,1,2,80.14761138603677,0.0,0,118,18:11:11
1161,0,1,0,2,0,1,0,2287.717755290953,0.0,0,40,20:30:39
5282,1,1,1,2,1,1,1,148.8383522479862,0.0,0,196,20:55:31
3324,1,0,0,1,0,1,2,1183.9522784765754,0.0,0,115,18:45:00
452,1,2,2,2,1,0,2,1240.9899257641493,0.0,0,18,18:41:19
5255,0,0,0,1,0,1,0,1399.6684759816642,0.0,0,196,19:42:01
3147,0,0,1,1,1,0,2,1063.7257048213903,0.0,0,107,13:04:52
3592,1,2,0,0,1,1,2,1297.4586879177368,0.0,0,122,18:38:17
5107,0,0,1,2,1,1,0,1195.2786709690365,0.0,0,190,19:52:23
5415,1,1,2,1,1,0,2,890.270137586506,0.0,0,203,17:08:25
1024,0,0,1,2,1,0,2,187.33521471225498,0.0,0,36,19:21:09
1016,0,1,2,1,1,1,0,1002.6181150944465,0.0,0,35,19:35:55
2682,1,0,0,0,1,0,0,276.20587265773344,0.0,0,89,18:54:01
2832,0,0,2,2,1,1,1,1523.3578915233106,0.0,0,98,17:31:09
5127,1,0,1,0,0,0,0,328.55221265852845,0.0,0,190,20:28:12
40,0,0,0,0,0,0,2,646.6159966840985,0.0,0,8,19:20:46
152,1,0,0,0,0,1,2,301.1416898678636,0.0,0,11,20:10:09
3813,0,0,1,1,1,1,0,844.9039741755455,0.0,0,132,20:45:46
4281,1,2,0,2,0,0,1,659.2040001968495,0.0,0,154,22:10:30
3351,0,0,0,2,0,0,0,317.1216794409813,0.0,0,115,19:02:01
1973,0,0,1,2,0,0,2,1398.1951028923486,0.0,0,66,18:51:17
2180,0,2,1,1,0,0,1,1219.410254392176,0.0,0,72,18:33:52
426,0,0,2,2,0,0,1,1316.0976387017672,0.0,0,17,19:17:20
1907,1,0,2,2,1,1,2,1489.5182803631726,0.0,0,63,22:04:18
4205,0,0,0,2,0,1,2,1301.6967559628347,0.0,0,152,19:16:01
3965,0,0,1,1,1,1,2,1015.2501124300296,0.0,0,141,16:36:45
5105,1,2,2,2,0,0,1,170.77680118340916,0.0,0,190,20:49:02
1489,0,1,1,1,0,1,2,839.9894262032649,0.0,0,47,11:34:41
2919,1,0,2,1,1,1,0,2369.6968849434634,0.0,0,101,19:27:04
3614,0,0,2,0,1,0,0,496.1285494973611,0.0,0,123,20:48:03
1747,1,1,0,0,1,0,2,1383.8190082322662,0.0,0,57,20:02:05
4547,0,2,2,2,1,0,1,1403.8400269190759,0.0,0,172,09:24:56
4,0,0,0,1,1,1,1,225.2888932152901,0.0,0,3,20:09:49
1783,1,0,1,1,1,0,0,760.6965499675572,0.0,0,59,19:28:20
650,0,1,1,0,0,1,2,234.12668973306748,0.0,0,22,18:32:09
750,0,0,2,1,1,1,0,1138.6308009752313,0.0,0,26,18:20:01
5429,0,2,1,2,1,0,0,533.572376460965,0.0,0,203,21:01:15
2417,0,1,2,0,0,1,2,1383.7424742983515,0.0,0,76,19:50:26
5331,0,0,1,2,0,0,1,1029.3368856573122,0.0,0,test5,20:49:00
4269,1,2,2,0,0,0,2,655.1675447923006,0.0,0,154,20:18:12
788,1,0,2,2,0,1,1,944.7372113459727,0.0,0,26,19:15:00
978,0,1,2,2,1,1,2,223.2736306900753,0.0,0,32,18:17:02
778,0,2,1,2,0,0,0,1723.6538521134562,0.0,0,26,19:21:00
953,1,2,2,2,1,0,1,121.10698171819976,0.0,0,31,20:59:20
1549,0,1,0,2,1,0,1,899.2384467328285,0.0,0,52,15:15:03
2121,1,0,1,1,0,0,2,856.175102763981,0.0,0,72,20:20:38
4962,1,1,1,2,1,1,2,232.9368481971813,0.0,0,188,18:14:22
434,1,1,1,1,1,0,0,1303.6983278980965,0.0,0,18,18:55:40
4419,1,1,1,0,0,1,0,2026.7821201394006,0.0,0,157,12:49:57
3071,1,1,2,1,0,0,0,167.50881717328542,0.0,0,103,19:59:37
1568,1,0,0,2,1,1,0,274.8509990708285,0.0,0,53,10:58:54
4827,0,1,2,0,0,0,0,468.5905086664465,0.0,0,test4,18:24:59
5288,0,0,0,2,1,1,1,728.0621645883913,0.0,0,196,18:51:20
4688,1,0,2,1,0,0,1,2297.376252661048,0.0,0,180,17:09:38
859,0,0,2,2,1,0,1,1147.5530116633909,0.0,0,30,20:13:01
1963,0,1,2,2,1,1,0,612.0756340119481,0.0,0,66,19:23:18
3112,1,1,2,0,0,1,0,240.1042133138543,0.0,0,104,18:34:33
4467,0,2,0,0,1,1,2,428.33842276710493,0.0,0,165,15:21:27
2214,0,1,1,1,1,0,0,556.199779890928,0.0,0,72,19:24:17
2152,1,1,2,1,1,1,0,664.4939232300418,0.0,0,72,18:33:37
5372,1,0,0,2,0,1,2,245.3763436821883,0.0,0,200,18:23:37
1209,1,0,0,2,0,0,2,526.5145948984355,0.0,0,40,19:36:05
2770,1,0,1,0,1,0,0,138.53416820599674,0.0,0,93,11:09:18
5121,1,2,2,0,1,0,0,3176.580803761657,0.0,0,190,20:33:13
2500,1,0,2,1,0,1,1,366.53453816144463,0.0,0,77,18:27:53
1897,1,1,1,2,1,1,0,418.6135412762138,0.0,0,63,20:15:05
1351,0,2,1,1,1,0,1,878.3757405380603,0.0,0,45,20:44:41
4260,1,2,2,2,0,1,1,944.8461915963754,0.0,0,154,09:02:52
1572,1,2,1,2,0,1,1,410.41028840143235,0.0,0,test2,14:21:51
3522,0,2,0,2,1,0,2,348.92754806860495,0.0,0,118,20:46:15
4788,1,2,1,2,1,1,1,402.8497580881938,0.0,0,180,19:15:40
4867,0,2,0,2,1,0,0,2035.8718154400965,0.0,0,184,19:16:41
1477,0,1,2,2,1,1,1,1444.9149360264942,0.0,0,47,21:53:08
3732,1,1,1,0,1,1,0,633.8627677083357,0.0,0,126,19:18:32
1527,1,2,2,1,1,0,1,61.72121713073348,0.0,0,50,20:42:23
464,1,0,1,0,1,1,1,599.9593245126939,0.0,0,18,19:44:27
4964,1,2,1,0,0,1,1,1638.2822925786575,0.0,0,188,20:53:22
4571,0,2,0,0,0,0,1,894.0937341761487,0.0,0,172,13:34:05
4911,0,0,1,0,0,0,1,1612.9162658578775,0.0,0,187,18:18:44
22,1,0,0,2,1,1,0,851.5215336978322,0.0,0,5,19:14:24
5159,0,1,2,0,0,0,0,1355.9636552524987,0.0,0,195,16:05:01
2134,0,0,1,2,1,0,1,383.53576515820396,0.0,0,72,19:42:15
135,0,2,2,2,0,1,2,1022.8509186828109,0.0,0,11,19:03:06
2896,0,2,2,0,0,0,1,540.1407973335267,0.0,0,101,20:57:04
5229,0,2,1,1,1,1,2,209.77274609844196,0.0,0,196,19:19:34
5200,1,0,1,2,0,0,2,292.368412252719,0.0,0,195,18:00:01
390,1,2,2,1,1,1,2,1705.6872430359524,0.0,0,17,11:42:32
2013,0,2,0,0,1,1,0,705.1438241440758,0.0,0,66,19:21:01
4901,0,1,0,1,1,1,2,973.7448976399347,0.0,0,187,20:37:16
1176,0,1,1,2,1,0,0,640.4791645446115,0.0,0,40,20:06:56
5145,1,2,1,0,0,1,1,698.6671831718884,0.0,0,190,18:18:30
3005,0,1,1,0,1,1,2,66.19804927295789,0.0,0,103,19:33:52
4288,0,1,1,2,1,1,1,19.261397925310163,0.0,0,154,09:08:39
203,0,0,1,0,1,1,2,997.9271859999465,0.0,0,11,20:36:48
4881,1,1,1,0,0,1,0,668.6842600644486,0.0,0,185,19:12:00
5433,0,1,0,2,1,0,1,1309.9967756455521,0.0,0,203,15:30:14
3118,1,1,0,0,1,1,0,491.69143314832183,0.0,0,104,18:34:42
4799,0,2,0,0,1,0,1,1810.3448943388435,0.0,0,181,18:33:21
3830,1,2,2,0,0,0,0,538.5896423188782,0.0,0,134,19:10:41
2717,1,1,1,0,1,1,0,1868.0097732604959,0.0,0,91,14:02:09
4510,1,0,0,0,1,1,0,2072.429221315924,0.0,0,170,20:18:48
654,0,1,0,1,1,0,0,1309.7172698071865,0.0,0,22,20:58:41
5120,1,0,2,2,0,0,0,1361.606100149049,0.0,0,190,19:20:01
3176,1,0,1,2,0,1,2,1739.4018258187893,0.0,0,108,20:13:44
1066,1,0,1,1,1,0,0,443.2609248399567,0.0,0,36,18:55:49
1989,0,0,2,2,1,1,0,477.40759236618254,0.0,0,66,19:02:36
444,0,2,0,2,0,1,1,231.72050239620498,0.0,0,18,19:43:36
4838,0,2,1,1,1,0,2,414.8080572728292,0.0,0,182,18:20:21
1945,0,1,2,0,0,1,2,941.6541247855452,0.0,0,66,18:29:40
174,0,1,2,0,1,1,0,190.140248584569,0.0,0,11,18:28:12
3206,0,2,1,2,0,0,0,741.8878523055513,0.0,0,108,19:40:18
3209,1,2,1,2,1,1,1,1332.069440800544,0.0,0,108,16:37:17
3197,0,1,2,1,1,1,1,1478.502624709184,0.0,0,108,12:11:33
5273,1,1,2,0,1,1,0,246.47747731738673,0.0,0,196,18:28:30
1433,1,0,2,2,0,1,1,3.7198324870931945,0.0,0,47,19:04:13
725,1,0,0,1,1,0,1,113.84943719343825,0.0,0,26,18:58:01
720,1,0,0,2,1,1,2,770.8540528850418,0.0,0,26,18:03:01
4536,0,2,1,2,0,1,1,311.4354600118944,0.0,0,172,13:28:44
5032,1,2,0,2,0,1,2,360.3964993574426,0.0,0,189,18:53:36
363,1,0,1,2,1,1,0,805.7844215261313,0.0,0,17,13:28:52
2880,0,0,1,2,1,1,0,1387.4921089904838,0.0,0,101,19:19:00
5427,1,2,2,0,1,1,2,1161.7174422904154,0.0,0,203,16:19:03
2307,0,1,1,1,0,0,2,427.2375621622592,0.0,0,74,20:31:04
3484,1,2,0,1,1,1,0,569.4501718613627,0.0,0,118,20:37:38
4647,1,0,1,0,1,1,2,36.58089821700378,0.0,0,175,18:09:52
1026,1,2,0,1,1,0,2,582.9822769639295,0.0,0,36,18:17:18
4757,0,0,0,0,1,1,0,953.1262272553853,0.0,0,180,17:37:48
367,0,0,1,2,1,0,0,602.3406801450693,0.0,0,17,09:32:09
3409,0,2,2,2,1,0,2,909.6980748271878,0.0,0,115,20:19:02
2897,1,0,1,2,0,0,2,616.5567723615302,0.0,0,101,19:54:04
4041,0,2,2,2,1,0,0,354.207400841923,0.0,0,146,19:54:04
4283,0,0,1,0,1,0,1,485.70649429280974,0.0,0,154,22:13:15
871,0,2,1,2,0,1,0,550.8909175820278,0.0,0,30,03:28:09
1898,1,1,1,1,0,1,1,79.44913706647212,0.0,0,63,16:29:36
3091,1,2,1,1,0,1,1,166.45506640154053,0.0,0,104,18:50:58
1046,0,0,2,1,1,1,1,2289.557513614635,0.0,0,36,20:07:03
766,0,1,1,2,1,0,0,43.95046054015789,0.0,0,26,19:58:01
547,1,2,2,0,0,1,0,1038.2549871343053,0.0,0,20,18:27:15
2730,0,0,1,0,0,1,0,657.1942078638458,0.0,0,91,18:06:03
569,1,0,0,0,0,0,0,487.63326559919767,0.0,0,21,22:37:56
1021,1,2,0,0,0,1,1,107.94232881093596,0.0,0,36,18:40:44
5205,1,1,1,2,0,0,1,467.2983648267408,0.0,0,196,19:15:01
429,1,0,0,2,0,1,1,703.5813329842745,0.0,0,18,19:56:59
4493,0,0,0,1,0,1,1,6.526597749226428,0.0,0,168,19:19:01
1106,1,2,0,0,1,1,2,1176.3160077697287,0.0,0,test1,14:15:51
579,1,1,1,2,0,0,0,265.34420343060305,0.0,0,21,21:12:41
2657,0,1,1,2,0,1,1,1792.6315637585792,0.0,0,88,18:45:00
2946,1,2,1,2,1,0,2,69.46278896603144,0.0,0,102,19:07:00
4448,0,1,1,0,0,1,2,1614.2151616356036,0.0,0,164,20:50:00
5147,0,0,0,2,0,1,0,407.7383135806741,0.0,0,190,20:25:54
2842,0,1,2,0,1,1,2,785.4838038595993,0.0,0,98,19:55:01
1782,1,1,1,0,0,1,1,1556.0138148201352,0.0,0,59,18:02:01
541,0,2,0,2,0,0,2,2162.881471174268,0.0,0,20,21:52:37
5405,0,0,1,1,0,1,2,808.6517800111988,0.0,0,203,15:11:11
4321,0,2,0,0,0,1,1,267.071890133416,0.0,0,154,19:23:18
389,1,2,2,1,1,0,2,563.7621245685947,0.0,0,17,19:44:02
3195,1,2,0,1,0,1,1,1304.482073219997,0.0,0,108,18:33:24
2618,1,1,0,2,0,1,1,909.649024605052,0.0,0,87,20:06:33
1753,0,2,0,0,1,1,2,838.2141348269379,0.0,0,57,20:45:01
3774,1,0,1,1,0,0,0,1650.1521903684545,0.0,0,129,18:14:39
2339,0,0,2,1,0,0,1,1315.5385044326945,0.0,0,75,19:23:18
5328,0,2,0,2,1,1,1,154.88641609178885,0.0,0,196,18:19:23
1095,1,1,2,0,1,0,1,383.3162441607108,0.0,0,36,19:14:11
2795,0,2,1,1,0,0,2,610.9848384581885,0.0,0,96,20:18:10
3411,0,1,0,2,0,0,0,77.23485640372448,0.0,0,116,14:20:02
1365,1,2,2,1,1,0,0,1221.2614067966647,0.0,0,45,18:21:00
2917,0,1,0,2,0,0,0,981.6570657301596,0.0,0,101,19:56:04
1044,1,0,0,0,1,1,2,2458.779490578473,0.0,0,36,19:19:17
5079,1,0,2,2,0,1,2,2327.413082709896,0.0,0,190,19:30:03
3552,1,1,0,0,1,1,1,1310.497353221255,0.0,0,121,19:22:29
2948,1,1,0,1,0,1,2,14.642953287670126,0.0,0,103,18:23:57
1373,1,0,1,2,1,1,2,63.26942397945509,0.0,0,45,19:58:00
3131,1,0,2,2,1,0,2,63.60877253865181,0.0,0,105,20:29:00
596,1,2,2,1,1,0,0,1372.581981436924,0.0,0,21,12:07:01
3172,1,1,2,1,1,0,0,1005.6701932050456,0.0,0,108,12:10:50
903,1,0,2,1,0,0,1,576.4315550441163,0.0,0,30,19:59:00
1282,1,1,0,2,1,1,1,1280.0258589811674,0.0,0,45,18:41:07
1513,0,2,2,2,0,1,1,2228.687842649721,0.0,0,50,19:19:25
1619,0,1,1,2,1,1,0,1165.612399993711,0.0,0,test2,17:10:21
2610,1,0,1,1,1,0,2,135.09690908486522,0.0,0,87,20:13:04
329,0,2,2,0,0,1,1,523.954756950849,0.0,0,16,14:08:50
305,0,0,0,1,1,0,2,1443.5981712416117,0.0,0,14,19:39:01
4876,1,2,2,0,1,1,1,360.9005271566854,0.0,0,185,17:29:01
195,1,2,0,0,0,1,0,1427.1243988712274,0.0,0,11,20:50:20
3927,0,1,2,0,1,1,2,564.7665336812788,0.0,0,140,18:38:54
3229,0,2,0,2,0,1,1,398.1851849216932,0.0,0,108,12:11:17
3682,1,2,0,2,0,1,0,1846.9516835898125,0.0,0,124,19:29:02
1319,1,2,0,2,0,0,2,59.09990453229186,0.0,0,45,19:57:09
2532,1,1,1,0,1,0,1,577.6921105000775,0.0,0,78,20:54:25
1264,0,1,1,2,0,0,2,367.0158682185309,0.0,0,42,13:46:38
5016,0,2,1,1,0,1,0,1257.347906476688,0.0,0,188,19:32:21
3144,1,0,1,0,0,1,1,276.2086344133549,0.0,0,107,11:30:45
52,1,2,1,0,0,1,0,168.76312256979642,0.0,0,8,20:31:58
1074,0,2,1,0,0,1,2,1450.1863377992636,0.0,0,36,18:20:13
4549,0,1,0,2,0,0,0,976.650343317936,0.0,0,172,20:03:55
3540,0,1,2,2,1,0,2,1178.408003236317,0.0,0,119,18:00:43
507,0,2,2,2,1,0,2,30.15448586582519,0.0,0,20,19:16:44
4132,1,1,0,2,1,1,2,102.61986777678604,0.0,0,147,20:42:35
5395,0,0,0,2,1,1,1,1652.747989869371,0.0,0,203,19:11:13
2774,0,0,0,1,1,1,2,87.6672620271011,0.0,0,93,17:59:46
3153,1,0,2,2,1,0,0,1150.7491250757505,0.0,0,108,11:19:09
3407,0,1,0,2,0,0,1,257.9652094270135,0.0,0,115,18:25:34
568,0,2,2,0,0,0,1,178.49963671479958,0.0,0,21,19:36:46
4169,0,2,1,2,0,1,2,70.15657164709636,0.0,0,149,18:39:15
829,1,2,1,1,1,1,1,1459.2886129804351,0.0,0,29,20:52:19
3556,0,2,2,0,0,1,2,1034.7616022556115,0.0,0,122,19:45:39
2744,0,2,2,1,0,1,1,250.57367769264386,0.0,0,91,19:12:25
2894,0,0,0,0,0,1,1,1021.7109659080544,0.0,0,101,18:03:18
523,1,2,0,1,1,0,1,383.6421008867979,0.0,0,20,16:14:59
1187,0,1,0,1,0,0,2,565.0910172680369,0.0,0,40,19:40:23
4888,0,1,2,0,1,0,2,1758.4056225387915,0.0,0,186,20:53:01
4004,1,0,1,0,1,0,0,1440.4161993701096,0.0,0,145,16:59:19
200,1,0,2,2,1,0,2,619.1201850876944,0.0,0,11,18:17:45
180,1,2,0,1,0,1,1,352.4286293331007,0.0,0,11,20:01:13
737,1,1,0,0,0,1,0,1955.1992671384976,0.0,0,26,19:29:01
4394,0,2,2,0,0,0,2,1100.0323451150907,0.0,0,test3,18:41:09
1510,1,2,1,2,0,0,1,1754.246844053425,0.0,0,49,18:03:57
1495,1,0,1,2,0,0,1,983.7545895165332,0.0,0,47,10:45:02
2083,1,1,1,0,0,1,2,1327.0009120581012,0.0,0,69,20:56:29
4222,1,2,0,2,0,0,1,431.42206116466036,0.0,0,152,20:51:11
2495,1,0,2,0,0,1,1,1671.141369630026,0.0,0,77,20:24:06
2926,1,1,0,0,1,0,1,850.0477503805423,0.0,0,101,18:41:01
4324,0,0,0,0,0,1,1,2463.398377071417,0.0,0,154,09:27:26
2869,1,0,0,1,0,1,1,230.33761229325557,0.0,0,99,18:41:53
1220,0,1,2,1,1,1,2,2039.3745768215506,0.0,0,40,20:27:32
4105,0,1,2,0,1,1,0,1541.268775585237,0.0,0,146,17:42:17
3842,1,0,2,0,0,1,0,719.0784954096806,0.0,0,134,19:52:56
1865,0,0,0,0,0,1,2,910.0130754293853,0.0,0,62,10:55:38
5312,0,0,2,0,0,1,1,230.35938244207955,0.0,0,196,19:51:00
1386,1,2,1,0,0,0,0,395.36901870879683,0.0,0,45,20:34:14
3763,1,0,1,2,1,1,2,929.6276197719648,0.0,0,204,20:40:13
2660,1,0,2,0,1,0,1,639.8619080462896,0.0,0,88,18:50:01
4577,0,0,2,1,0,1,1,12.83713687130528,0.0,0,172,20:10:10
2049,0,1,2,0,0,0,0,210.95877493659447,0.0,0,68,13:31:52
4734,1,1,2,2,0,0,0,497.26029136767096,0.0,0,180,18:38:05
1625,0,1,2,1,1,0,1,919.1053032198976,0.0,0,test2,17:03:10
2295,0,2,1,0,1,1,2,221.7975500063232,0.0,0,74,19:26:18
4225,1,0,1,1,1,1,0,1429.781617669514,0.0,0,152,19:48:56
2193,1,1,2,1,1,1,2,1475.4918916120675,0.0,0,72,19:23:03
5330,1,2,0,1,1,1,1,667.5402435451797,0.0,0,test5,18:41:59
3465,1,2,2,0,1,0,0,130.3876897724283,0.0,0,118,13:44:51
538,0,1,2,1,1,0,2,915.2181064616514,0.0,0,20,13:35:45
4935,1,1,2,2,0,0,2,482.64280319909835,0.0,0,188,18:40:24
1720,0,2,2,1,0,1,0,777.6283873640733,0.0,0,57,21:04:38
2746,1,0,1,0,0,0,0,896.8252427951546,0.0,0,91,19:24:53
5278,0,1,1,1,0,1,1,1052.3977011306417,0.0,0,196,19:07:13
2646,0,1,1,1,1,1,2,2057.599302313537,0.0,0,88,20:00:02
3412,0,1,0,1,1,0,1,1288.7412936768012,0.0,0,116,18:32:03
3664,0,1,0,0,1,0,1,1651.4462960704957,0.0,0,124,20:42:17
4672,1,2,0,1,1,0,1,1121.9097755362093,0.0,0,180,18:59:20
839,1,1,2,2,1,1,0,2283.714597254557,0.0,0,29,20:53:01
880,1,0,2,0,0,1,0,109.54615559243528,0.0,0,30,04:13:09
3905,1,1,2,0,0,0,2,970.6913854099112,0.0,0,140,19:50:22
3957,0,2,0,1,1,0,1,1439.9144593513531,0.0,0,141,14:01:12
41,0,0,1,2,0,0,1,3415.579309979256,0.0,0,8,18:56:07
5396,0,0,1,1,1,1,2,1552.766619015462,0.0,0,203,09:11:23
1211,0,1,0,2,0,0,1,194.88377374473743,0.0,0,40,18:50:09
5098,1,0,0,1,1,1,1,631.908480664099,0.0,0,190,18:36:15
2871,1,1,2,1,0,1,1,1488.9921982954363,0.0,0,99,18:57:44
949,0,1,2,0,1,1,0,157.52452029229724,0.0,0,31,20:12:38
2305,0,2,2,0,0,0,0,771.854399508108,0.0,0,74,19:13:04
2168,0,1,1,0,0,1,2,158.10394202319222,0.0,0,72,20:55:21
2605,0,2,1,1,1,1,1,726.3276687612164,0.0,0,87,18:40:01
4250,1,0,2,2,1,0,1,433.02031164762207,0.0,0,153,19:07:42
1248,0,0,1,2,0,0,0,1082.8781360320017,0.0,0,40,19:11:18
224,0,1,0,2,0,0,2,1524.2965482804855,0.0,0,11,20:53:51
889,1,2,1,1,0,0,0,1514.1677782390605,0.0,0,30,18:59:35
1972,0,2,1,1,0,1,2,552.6352533151031,0.0,0,66,19:08:01
3501,0,0,2,0,1,1,1,764.841082899651,0.0,0,118,20:00:15
4048,1,2,1,2,0,1,1,2198.2670284072524,0.0,0,146,16:49:40
927,0,0,2,1,1,1,0,176.92850319591045,0.0,0,30,18:52:54
1512,0,2,0,0,0,1,2,94.00135567422855,0.0,0,50,18:41:11
952,0,2,2,1,1,1,2,728.7461423152215,0.0,0,31,20:05:38
460,1,0,0,1,0,1,2,676.3066469997443,0.0,0,18,19:57:59
2711,0,0,0,2,0,0,1,122.24516519072323,0.0,0,89,20:19:09
1244,1,2,2,0,0,0,1,276.15567101234245,0.0,0,40,18:53:52
3980,1,2,1,0,0,1,0,1552.7193936917315,0.0,0,143,18:23:21
1596,1,2,2,0,0,1,0,1498.9046770510834,0.0,0,test2,17:12:36
4452,1,2,1,0,1,1,2,252.02305448398673,0.0,0,164,19:21:00
3061,1,0,0,0,1,0,2,1525.3193711485787,0.0,0,103,19:24:01
2798,1,1,0,2,1,0,0,386.333617385966,0.0,0,96,19:57:01
228,0,0,1,1,1,0,2,1679.9809713190882,0.0,0,11,18:17:40
3705,0,1,1,2,1,1,2,214.1616004361844,0.0,0,126,17:32:07
1318,0,2,2,2,1,0,0,272.0862421101366,0.0,0,45,20:12:00
4179,1,0,1,2,0,0,1,402.4858450829152,0.0,0,149,20:24:05
5137,1,2,1,0,1,1,0,70.07452552071153,0.0,0,190,20:48:51
2815,1,2,0,1,0,0,2,1285.2577400171199,0.0,0,96,18:44:14
4786,1,1,1,1,0,1,2,506.1139890022002,0.0,0,180,17:57:31
3750,0,2,1,0,0,0,0,1580.9145274806424,0.0,0,126,18:45:17
1636,1,1,1,2,0,1,1,752.531297482736,0.0,0,test2,14:36:41
458,0,2,2,0,1,1,1,1129.5485423230189,0.0,0,18,19:44:40
1614,0,1,2,1,0,0,2,227.24467785163708,0.0,0,test2,12:16:26
4774,1,1,1,2,1,0,1,1850.0144352313434,0.0,0,180,17:50:53
3506,1,1,2,1,0,0,2,524.4226321227859,0.0,0,118,20:04:44
1808,0,2,2,0,0,0,2,1583.352519625891,0.0,0,60,18:55:13
3523,0,2,2,0,1,0,1,679.2631373762202,0.0,0,118,19:15:53
5141,0,1,0,0,1,0,0,170.80827211523618,0.0,0,190,20:21:03
2772,1,0,0,0,0,0,2,683.5972491158506,0.0,0,93,11:54:24
529,1,0,1,1,1,0,2,1066.7351930291372,0.0,0,20,10:56:34
5213,0,1,0,2,0,0,1,1982.7021638006527,0.0,0,196,20:34:54
1062,1,1,1,2,0,0,0,640.2385054900927,0.0,0,36,20:52:16
4360,0,2,0,1,0,1,2,701.4644373893788,0.0,0,155,20:39:17
5380,1,2,0,2,0,0,2,703.8527131298172,0.0,0,200,09:16:02
257,0,0,2,2,1,0,2,264.19326499403326,0.0,0,12,18:08:09
697,0,0,1,0,1,1,1,1467.4433065132473,0.0,0,24,11:11:06
4297,1,1,2,0,1,1,0,1374.767762689903,0.0,0,154,17:43:05
2150,1,2,1,2,1,0,2,394.6024438929455,0.0,0,72,20:07:54
4822,0,2,0,1,0,0,2,398.5745578500544,0.0,0,test4,20:21:12
120,1,2,1,1,0,1,0,421.2621418935717,0.0,0,11,18:38:06
1063,1,0,1,0,0,0,2,862.0756804370282,0.0,0,36,19:25:18
1384,1,2,1,1,1,1,0,493.06901267342795,0.0,0,45,18:21:01
2116,1,0,2,0,1,1,1,789.3862707138178,0.0,0,72,19:50:09
1535,0,0,2,0,1,1,1,214.09126843941638,0.0,0,50,18:15:02
971,0,0,0,1,0,1,2,79.42692245914462,0.0,0,32,19:39:01
789,0,1,2,0,0,0,0,194.76778131776462,0.0,0,26,18:30:00
4686,0,1,1,1,1,1,0,1035.2614955154545,0.0,0,180,18:58:21
2366,0,1,2,0,1,0,0,492.8002400529715,0.0,0,76,19:29:01
1366,0,2,0,2,0,1,0,764.2948386137318,0.0,0,45,18:01:00
4654,0,2,1,0,0,0,1,641.5529954031023,0.0,0,180,19:22:35
527,1,2,1,2,0,0,1,1502.4046791726353,0.0,0,20,17:07:15
2112,0,2,2,1,1,1,0,596.6860951707882,0.0,0,72,19:32:28
5189,0,0,1,1,1,1,1,905.5507400595926,0.0,0,195,19:02:01
2584,0,0,1,1,1,0,2,871.1455584083972,0.0,0,85,20:19:59
3082,1,2,1,0,1,1,0,485.8848567250427,0.0,0,104,18:53:16
